JOB PATH,BARCODE,INDEX,DATE,S.TIME,E.TIME,CYCLE,JOB,RESULT,USER,CONFIRMRESULT,MACHINE,
D:\Data\3A9-22-1604MGZ01B-BOT\pad_insp_result_31001.MYD, 3A9-G-BOT-20180123-02233,31940, 01/24/2018, 2018/01/24 20:43:08, 2018/01/24 20:43:14,6.83, 3A9-22-1604MGZ01B-BOT, GOOD, manager, GOOD,MACHINE001,
Barcode, BoardID, Component, PadID, Pin Number, Height, Area, Area(%), Volume, Volume(%), OffsetX, OffsetY, Result
3A9-G-BOT-20180123-02233,0, ,1, ,132.7081,227.0043,123.4,25.1686,114,61.4956,-16.987, GOOD
3A9-G-BOT-20180123-02233,0, ,2, ,134.9713,218.9462,119,25.5181,115.6,57.6534,14.3865, GOOD
3A9-G-BOT-20180123-02233,0, ,3, ,132.2341,233.2936,126.8,25.9527,117.5,52.2673,-18.2757, GOOD
3A9-G-BOT-20180123-02233,0, ,4, ,133.4472,214.4257,116.5,24.5386,111.1,55.2395,11.7955, GOOD
3A9-G-BOT-20180123-02233,0, ,5, ,149.3818,1195.7526,87.2,154.6742,94,44.6575,9.4079, GOOD
3A9-G-BOT-20180123-02233,0, ,7, ,148.0811,581.3669,89.8,75.1987,96.8,41.4926,3.008, GOOD
3A9-G-BOT-20180123-02233,0, ,8, ,136.5614,572.5226,88.5,66.5145,85.7,69.3884,1.3304, GOOD
3A9-G-BOT-20180123-02233,0, ,9, ,144.8906,1088.0485,79.3,136.6348,83,48.815,2.2684, GOOD
3A9-G-BOT-20180123-02233,0, ,10, ,148.3959,1180.8156,86.1,152.4918,92.7,54.0376,4.0649, GOOD
3A9-G-BOT-20180123-02233,0, ,11, ,139.2692,600.4313,92.8,74.5762,96,29.6889,15.769, GOOD
3A9-G-BOT-20180123-02233,0, ,12, ,143.768,591.1939,91.3,75.2996,96.9,35.1722,4.8341, GOOD
3A9-G-BOT-20180123-02233,0, ,13, ,161.9895,1202.828,87.7,172.5033,104.8,43.9959,11.0808, GOOD
3A9-G-BOT-20180123-02233,0, ,14, ,157.7649,1128.929,82.3,156.5669,95.1,56.6484,22.7865, GOOD
3A9-G-BOT-20180123-02233,0, ,15, ,160.6906,1147.7968,83.7,162.7218,98.9,57.4955,2.3848, GOOD
3A9-G-BOT-20180123-02233,0, ,16, ,162.2188,1156.4446,84.3,167.5096,101.8,65.7026,1.6895, GOOD
3A9-G-BOT-20180123-02233,0, ,17, ,143.2419,228.1836,124,27.6956,125.4,45.4282,-15.7515, GOOD
3A9-G-BOT-20180123-02233,0, ,18, ,145.4713,228.9697,124.4,28.2168,127.8,50.4946,-14.6699, GOOD
3A9-G-BOT-20180123-02233,0, ,19, ,144.0887,216.5877,117.7,26.3767,119.5,47.6072,14.4934, GOOD
3A9-G-BOT-20180123-02233,0, ,20, ,131.3181,210.1018,114.2,23.8109,107.8,53.1665,11.6727, GOOD
3A9-G-BOT-20180123-02233,0, ,21, ,170.832,1052.4746,105.2,160.8986,134.1,60.5147,25.3951, GOOD
3A9-G-BOT-20180123-02233,0, ,22, ,153.8685,659.5901,81.4,89.0542,91.6,39.8196,47.8187, GOOD
3A9-G-BOT-20180123-02233,0, ,23, ,154.4393,686.9092,84.8,92.7421,95.4,42.1369,-14.4648, GOOD
3A9-G-BOT-20180123-02233,0, ,24, ,145.196,594.142,91.8,75.2981,97,56.6016,22.9365, GOOD
3A9-G-BOT-20180123-02233,0, ,25, ,156.5079,585.6908,90.5,80.791,104,58.2566,-4.3871, GOOD
3A9-G-BOT-20180123-02233,0, ,26, ,160.3486,1096.6963,80,155.8317,94.7,36.8203,20.2679, GOOD
3A9-G-BOT-20180123-02233,0, ,27, ,164.5713,1158.803,84.5,165.3794,100.5,38.9667,-10.6634, GOOD
3A9-G-BOT-20180123-02233,0, ,28, ,168.8404,1160.3754,84.6,171.9862,104.5,27.5292,-5.364, GOOD
3A9-G-BOT-20180123-02233,0, ,29, ,151.7682,596.8936,92.2,78.5094,101.1,57.562,-0.5981, GOOD
3A9-G-BOT-20180123-02233,0, ,30, ,141.839,1242.1362,90.6,150.9078,91.7,27.324,0.6834, GOOD
3A9-G-BOT-20180123-02233,0, ,31, ,160.2806,603.1829,93.2,82.882,106.7,30.8756,3.8181, GOOD
3A9-G-BOT-20180123-02233,0, ,32, ,173.5906,1153.2999,84.1,175.2734,106.5,29.3968,0.3477, GOOD
3A9-G-BOT-20180123-02233,0, ,33, ,151.0058,231.5247,125.8,29.3402,132.9,53.9129,-18.1936, GOOD
3A9-G-BOT-20180123-02233,0, ,34, ,125.3186,207.1537,112.6,21.9292,99.3,44.6128,-5.248, GOOD
3A9-G-BOT-20180123-02233,0, ,35, ,152.1943,226.8078,123.3,28.9729,131.2,56.1491,17.4268, GOOD
3A9-G-BOT-20180123-02233,0, ,36, ,144.7992,231.9178,126,28.4967,129.1,53.6639,17.8065, GOOD
3A9-G-BOT-20180123-02233,0, ,37, ,139.568,212.6569,115.6,25.1055,113.7,68.1633,-23.2859, GOOD
3A9-G-BOT-20180123-02233,0, ,38, ,141.8067,233.8832,127.1,27.8509,126.1,57.363,-24.0408, GOOD
3A9-G-BOT-20180123-02233,0, ,39, ,137.6258,224.0562,121.8,25.8995,117.3,51.3882,15.2341, GOOD
3A9-G-BOT-20180123-02233,0, ,40, ,151.898,229.9524,125,29.4433,133.3,70.8642,12.5011, GOOD
3A9-G-BOT-20180123-02233,0, ,41, ,136.4108,207.1537,112.6,24.2026,109.6,37.1008,6.3108, GOOD
3A9-G-BOT-20180123-02233,0, ,42, ,148.4834,882.8601,109,114.6916,118,50.1269,17.4932, GOOD
3A9-G-BOT-20180123-02233,0, ,43, ,159.0181,898.3868,110.9,125.0567,128.7,49.2605,20.5051, GOOD
3A9-G-BOT-20180123-02233,0, ,44, ,155.5142,931.7987,115,125.242,128.8,51.1256,-5.7263, GOOD
3A9-G-BOT-20180123-02233,0, ,45, ,136.874,204.4022,111.1,23.7501,107.6,65.4026,2.086, GOOD
3A9-G-BOT-20180123-02233,0, ,46, ,148.3903,200.6679,109.1,24.9769,113.1,73.6179,-6.0291, GOOD
3A9-G-BOT-20180123-02233,0, ,47, ,136.2823,218.16,118.6,25.3682,114.9,32.29,6.5629, GOOD
3A9-G-BOT-20180123-02233,0, ,48, ,148.7765,583.1358,90.1,76.5988,98.6,45.3595,-5.7624, GOOD
3A9-G-BOT-20180123-02233,0, ,49, ,141.0176,591.1939,91.4,73.5352,94.7,69.8574,-4.8369, GOOD
3A9-G-BOT-20180123-02233,0, ,50, ,148.2143,1109.2748,80.9,144.1564,87.6,43.6712,5.4388, GOOD
3A9-G-BOT-20180123-02233,0, ,51, ,155.1287,1187.891,86.6,162.747,98.9,54.1293,5.8243, GOOD
3A9-G-BOT-20180123-02233,0, ,52, ,133.699,229.7559,124.9,26.1226,118.3,54.2289,-27.2781, GOOD
3A9-G-BOT-20180123-02233,0, ,53, ,134.7061,225.0389,122.3,25.7993,116.8,75.7285,-8.58, GOOD
3A9-G-BOT-20180123-02233,0, ,54, ,142.0638,215.4084,117.1,26.4105,119.6,69.2126,-9.4122, GOOD
3A9-G-BOT-20180123-02233,0, ,55, ,138.6732,220.9116,120.1,26.2817,119,75.9076,-10.3739, GOOD
3A9-G-BOT-20180123-02233,0, ,56, ,141.2789,213.8361,116.2,25.6797,116.3,70.4676,1.4562, GOOD
3A9-G-BOT-20180123-02233,0, ,57, ,136.9363,223.6631,121.6,25.9838,117.7,67.1742,-32.0357, GOOD
3A9-G-BOT-20180123-02233,0, ,58, ,142.5684,193.3959,105.1,23.5091,106.5,58.5862,11.0864, GOOD
3A9-G-BOT-20180123-02233,0, ,59, ,131.8268,216.9808,117.9,24.3337,110.2,66.6047,17.1268, GOOD
3A9-G-BOT-20180123-02233,0, ,60, ,131.6513,217.1773,118,24.4321,110.7,47.9139,-12.2071, GOOD
3A9-G-BOT-20180123-02233,0, ,61, ,135.7392,215.4084,117.1,25.0927,113.6,49.1979,1.1012, GOOD
3A9-G-BOT-20180123-02233,0, ,62, ,162.8248,207.7433,112.9,28.1761,127.6,36.2313,-16.72, GOOD
3A9-G-BOT-20180123-02233,0, ,63, ,157.7809,211.2811,114.8,28.2446,127.9,38.9383,-12.8314, GOOD
3A9-G-BOT-20180123-02233,0, ,64, ,156.6573,1270.4381,92.6,170.9096,103.9,48.1652,-4.3802, GOOD
3A9-G-BOT-20180123-02233,0, ,65, ,149.5534,1222.4822,89.1,160.1631,97.3,53.1773,-20.6579, GOOD
3A9-G-BOT-20180123-02233,0, ,66, ,145.5314,219.5358,119.3,26.907,121.9,63.5008,-19.6972, GOOD
3A9-G-BOT-20180123-02233,0, ,67, ,153.8811,218.3565,118.7,28.3788,128.5,69.7717,-16.2991, GOOD
3A9-G-BOT-20180123-02233,0, ,68, ,149.0885,214.4257,116.5,26.7833,121.3,74.4082,-19.8723, GOOD
3A9-G-BOT-20180123-02233,0, ,69, ,152.236,216.7842,117.8,27.8025,125.9,64.2459,-19.5103, GOOD
3A9-G-BOT-20180123-02233,0, ,70, ,157.2458,218.5531,118.8,29.0923,131.8,74.3447,-13.2458, GOOD
3A9-G-BOT-20180123-02233,0, ,71, ,148.4131,217.7669,118.3,27.5263,124.7,59.063,12.995, GOOD
3A9-G-BOT-20180123-02233,0, ,72, ,155.2369,222.4839,120.9,29.0719,131.7,44.2663,-9.8458, GOOD
3A9-G-BOT-20180123-02233,0, ,73, ,145.3591,217.1773,118,26.9144,121.9,50.0043,-16.7474, GOOD
3A9-G-BOT-20180123-02233,0, ,74, ,160.8772,218.16,118.6,29.1673,132.1,30.385,-1.3704, GOOD
3A9-G-BOT-20180123-02233,0, ,75, ,158.2644,229.3628,124.7,30.2802,137.1,32.9449,-9.1094, GOOD
3A9-G-BOT-20180123-02233,0, ,76, ,133.8491,223.2701,121.3,25.3424,114.8,52.6439,-22.3585, GOOD
3A9-G-BOT-20180123-02233,0, ,77, ,136.1096,221.8943,120.6,25.7683,116.7,68.0693,-8.441, GOOD
3A9-G-BOT-20180123-02233,0, ,78, ,135.9262,220.3219,119.7,25.3892,115,51.9401,12.3518, GOOD
3A9-G-BOT-20180123-02233,0, ,79, ,137.5151,222.877,121.1,26.1192,118.3,36.7995,-15.854, GOOD
3A9-G-BOT-20180123-02233,0, ,80, ,152.9545,916.4686,113.1,123.0376,126.6,50.1767,-1.6464, GOOD
3A9-G-BOT-20180123-02233,0, ,81, ,151.3461,889.1494,109.8,118.281,121.7,46.8931,8.6126, GOOD
3A9-G-BOT-20180123-02233,0, ,82, ,147.0872,936.5157,115.6,119.6345,123.1,38.4728,-9.0446, GOOD
3A9-G-BOT-20180123-02233,0, ,83, ,160.3199,1025.1554,102.5,147.0964,122.6,72.4048,31.8749, GOOD
3A9-G-BOT-20180123-02233,0, ,84, ,161.3791,1039.5028,104,147.2506,122.7,59.1442,34.4289, GOOD
3A9-G-BOT-20180123-02233,0, ,85, ,135.8897,1213.8344,88.5,143.8825,87.4,38.1921,34.7957, GOOD
3A9-G-BOT-20180123-02233,0, ,86, ,169.2481,1166.6646,85.1,172.9877,105.1,31.2801,8.6622, GOOD
3A9-G-BOT-20180123-02233,0, ,87, ,148.0598,1151.7275,84,152.3237,92.5,28.9576,6.9444, GOOD
3A9-G-BOT-20180123-02233,0, ,88, ,152.4437,1147.0106,83.6,155.517,94.5,55.2115,16.2234, GOOD
3A9-G-BOT-20180123-02233,0, ,89, ,147.4434,234.6694,127.5,29.0919,131.8,41.13,-3.745, GOOD
3A9-G-BOT-20180123-02233,0, ,90, ,149.037,224.8424,122.2,28.0737,127.1,0.1941,-15.0893, GOOD
3A9-G-BOT-20180123-02233,0, ,91, ,150.4742,222.2874,120.8,28.2662,128,55.2311,-30.533, GOOD
3A9-G-BOT-20180123-02233,0, ,92, ,146.3548,226.4147,123,28.0382,127,51.0631,5.7208, GOOD
3A9-G-BOT-20180123-02233,0, ,93, ,166.5594,930.816,114.9,134.2004,138.1,46.7601,-12.0321, GOOD
3A9-G-BOT-20180123-02233,0, ,94, ,158.097,943.0015,116.4,128.5626,132.3,38.9828,5.4729, GOOD
3A9-G-BOT-20180123-02233,0, ,95, ,158.8942,938.088,115.8,127.3959,131.1,53.2808,2.1509, GOOD
3A9-G-BOT-20180123-02233,0, ,96, ,162.1129,896.4214,110.7,126.7076,130.4,47.3716,7.5712, GOOD
3A9-G-BOT-20180123-02233,0, ,97, ,156.5062,946.7358,116.9,128.6087,132.3,40.8581,-7.884, GOOD
3A9-G-BOT-20180123-02233,0, ,98, ,164.1281,1003.7325,123.9,140.9576,145,15.8392,-6.7142, GOOD
3A9-G-BOT-20180123-02233,0, ,99, ,161.5404,879.1259,108.5,124.8921,128.5,49.0132,9.5312, GOOD
3A9-G-BOT-20180123-02233,0, ,100, ,161.5482,961.8694,118.7,134.3029,138.2,44.8943,-13.4964, GOOD
3A9-G-BOT-20180123-02233,0, ,101, ,166.4532,910.3758,112.4,133.9992,137.9,52.8149,10.0644, GOOD
3A9-G-BOT-20180123-02233,0, ,102, ,162.8319,946.9323,116.9,133.0408,136.9,41.5814,-13.6841, GOOD
3A9-G-BOT-20180123-02233,0, ,103, ,140.887,978.5754,120.8,120.18,123.6,21.7188,-7.3785, GOOD
3A9-G-BOT-20180123-02233,0, ,104, ,148.2337,903.89,111.6,117.6375,121,38.8481,12.5637, GOOD
3A9-G-BOT-20180123-02233,0, ,105, ,133.3248,991.3505,87.7,116.3166,85.8,13.4615,-4.4925, GOOD
3A9-G-BOT-20180123-02233,0, ,106, ,133.6304,981.1304,86.8,118.1424,87.1,35.9625,0.5769, GOOD
3A9-G-BOT-20180123-02233,0, ,107, ,140.5443,652.9077,100.9,77.9604,100.4,54.9648,1.7038, GOOD
3A9-G-BOT-20180123-02233,0, ,108, ,165.2441,589.8182,91.1,84.9901,109.4,40.581,-8.0488, GOOD
3A9-G-BOT-20180123-02233,0, ,109, ,146.5123,5270.4312,86.4,700.6976,95.7,44.4665,3.673, GOOD
3A9-G-BOT-20180123-02233,0, ,110, ,148.3124,586.2804,90.6,75.6474,97.4,17.9011,-3.1445, GOOD
3A9-G-BOT-20180123-02233,0, ,111, ,145.8237,599.0556,92.6,77.0972,99.3,49.2745,0.1969, GOOD
3A9-G-BOT-20180123-02233,0, ,112, ,149.732,5116.3433,83.8,702.768,95.9,23.6958,9.5155, GOOD
3A9-G-BOT-20180123-02233,0, ,113, ,132.168,216.1946,117.5,24.5784,111.3,25.4717,-12.7452, GOOD
3A9-G-BOT-20180123-02233,0, ,114, ,134.8523,210.6915,114.5,24.2498,109.8,34.0242,-9.6918, GOOD
3A9-G-BOT-20180123-02233,0, ,115, ,128.3652,221.8943,120.6,24.4167,110.6,28.9212,19.1161, GOOD
3A9-G-BOT-20180123-02233,0, ,116, ,134.779,210.888,114.6,24.3556,110.3,33.1375,9.074, GOOD
3A9-G-BOT-20180123-02233,0, ,117, ,151.0912,641.5084,99.1,81.7047,105.2,61.6049,-9.3921, GOOD
3A9-G-BOT-20180123-02233,0, ,118, ,174.925,600.8244,92.8,90.5572,116.6,63.2566,-10.5337, GOOD
3A9-G-BOT-20180123-02233,0, ,119, ,146.3664,650.5492,100.5,81.1167,104.5,61.7221,0.5792, GOOD
3A9-G-BOT-20180123-02233,0, ,120, ,157.5763,598.2694,92.4,81.9495,105.5,62.8121,-28.4082, GOOD
3A9-G-BOT-20180123-02233,0, ,121, ,168.8445,5222.4751,85.6,784.7238,107.1,58.3956,20.7841, GOOD
3A9-G-BOT-20180123-02233,0, ,122, ,152.6178,5091.186,83.4,702.3386,95.9,34.4845,10.7115, GOOD
3A9-G-BOT-20180123-02233,0, ,123, ,137.4661,235.6521,128.1,27.3431,123.8,46.7956,4.8487, GOOD
3A9-G-BOT-20180123-02233,0, ,124, ,136.5227,264.7401,143.9,30.3238,137.3,12.2766,0.5069, GOOD
3A9-G-BOT-20180123-02233,0, ,125, ,139.1636,588.0493,90.9,72.8461,93.8,36.8034,11.563, GOOD
3A9-G-BOT-20180123-02233,0, ,126, ,150.647,613.5995,94.8,80.7727,104,71.0083,-1.0531, GOOD
3A9-G-BOT-20180123-02233,0, ,127, ,139.0488,224.4493,122,26.5698,120.3,63.3748,-12.7069, GOOD
3A9-G-BOT-20180123-02233,0, ,128, ,125.538,227.5939,123.7,24.6088,111.5,54.9046,-2.4604, GOOD
3A9-G-BOT-20180123-02233,0, ,129, ,148.4649,226.4147,123.1,28.6306,129.7,20.851,3.2224, GOOD
3A9-G-BOT-20180123-02233,0, ,130, ,144.4852,238.0106,129.4,29.1139,131.9,10.4612,-5.4511, GOOD
3A9-G-BOT-20180123-02233,0, ,131, ,141.1653,635.2191,98.2,78.3567,100.9,22.1765,29.6293, GOOD
3A9-G-BOT-20180123-02233,0, ,132, ,138.2262,665.2897,102.8,78.8363,101.5,42.2651,16.9447, GOOD
3A9-G-BOT-20180123-02233,0, ,133, ,135.8502,651.1388,100.6,76.9741,99.1,38.5922,-12.6866, GOOD
3A9-G-BOT-20180123-02233,0, ,134, ,154.8209,206.3676,112.2,26.5187,120.1,29.8565,-25.4937, GOOD
3A9-G-BOT-20180123-02233,0, ,135, ,143.8123,200.4714,108.9,24.2031,109.6,41.8773,-16.4796, GOOD
3A9-G-BOT-20180123-02233,0, ,136, ,148.8408,202.8298,110.2,25.1884,114.1,47.0018,-7.4982, GOOD
3A9-G-BOT-20180123-02233,0, ,137, ,150.0821,206.7607,112.4,26.1261,118.3,27.6773,12.8637, GOOD
3A9-G-BOT-20180123-02233,0, ,138, ,149.214,199.6852,108.5,25.1416,113.9,31.8319,9.5034, GOOD
3A9-G-BOT-20180123-02233,0, ,139, ,159.3432,190.6443,103.6,25.4542,115.3,7.564,-4.8992, GOOD
3A9-G-BOT-20180123-02233,0, ,140, ,157.503,1180.0294,86,164.4216,99.9,20.2794,9.0044, GOOD
3A9-G-BOT-20180123-02233,0, ,141, ,150.9329,1209.1174,88.2,160.609,97.6,34.2668,23.5516, GOOD
3A9-G-BOT-20180123-02233,0, ,142, ,142.1676,210.2984,114.3,24.9928,113.2,19.9698,-30.3527, GOOD
3A9-G-BOT-20180123-02233,0, ,143, ,143.3342,196.344,106.7,24.1888,109.6,36.1422,-9.1091, GOOD
3A9-G-BOT-20180123-02233,0, ,144, ,149.8639,194.9682,106,24.6648,111.7,27.0234,9.4503, GOOD
3A9-G-BOT-20180123-02233,0, ,145, ,145.4747,198.7025,108,24.5033,111,1.7291,-2.2255, GOOD
3A9-G-BOT-20180123-02233,0, ,146, ,130.156,211.0845,114.7,23.6312,107,32.7961,3.4489, GOOD
3A9-G-BOT-20180123-02233,0, ,147, ,137.0088,220.715,120,26.052,118,8.7611,1.685, GOOD
3A9-G-BOT-20180123-02233,0, ,148, ,133.4088,619.6923,95.8,71.993,92.7,16.5272,7.652, GOOD
3A9-G-BOT-20180123-02233,0, ,149, ,133.1117,646.6183,99.9,74.9734,96.6,42.572,12.0255, GOOD
3A9-G-BOT-20180123-02233,0, ,150, ,132.078,610.0618,94.3,70.7812,91.2,37.7918,18.8651, GOOD
3A9-G-BOT-20180123-02233,0, ,151, ,131.4459,619.4957,95.7,70.6545,90.9,42.4663,-16.0525, GOOD
3A9-G-BOT-20180123-02233,0, ,152, ,137.6275,628.5366,97.1,75.3179,97,30.0686,14.2979, GOOD
3A9-G-BOT-20180123-02233,0, ,153, ,132.5939,632.8605,97.8,72.9332,93.9,40.3768,-6.7112, GOOD
3A9-G-BOT-20180123-02233,0, ,154, ,138.3555,625.9816,96.7,74.7505,96.3,42.6083,21.301, GOOD
3A9-G-BOT-20180123-02233,0, ,155, ,138.666,616.9407,95.3,74.5134,95.9,41.9062,-19.7988, GOOD
3A9-G-BOT-20180123-02233,0, ,156, ,133.6075,635.4155,98.2,73.8419,95.1,45.2809,17.1704, GOOD
3A9-G-BOT-20180123-02233,0, ,157, ,132.2814,620.8715,95.9,71.0599,91.5,50.3536,-7.0738, GOOD
3A9-G-BOT-20180123-02233,0, ,158, ,140.6223,635.6121,98.2,78.2748,100.8,15.8128,25.5882, GOOD
3A9-G-BOT-20180123-02233,0, ,159, ,134.012,667.6482,103.1,77.5894,99.9,34.2402,-2.4898, GOOD
3A9-G-BOT-20180123-02233,0, ,160, ,133.7981,652.3181,100.8,75.4789,97.2,42.9266,-4.1967, GOOD
3A9-G-BOT-20180123-02233,0, ,161, ,150.7099,197.9163,107.6,25.4294,115.2,49.1756,-15.1608, GOOD
3A9-G-BOT-20180123-02233,0, ,162, ,156.4286,201.061,109.3,26.4805,119.9,43.1022,-26.8645, GOOD
3A9-G-BOT-20180123-02233,0, ,163, ,162.3728,187.3031,101.8,25.9292,117.4,16.1007,-2.2553, GOOD
3A9-G-BOT-20180123-02233,0, ,164, ,156.9688,200.6679,109.1,26.7926,121.3,12.2479,-4.9541, GOOD
3A9-G-BOT-20180123-02233,0, ,165, ,138.7871,633.4501,78.2,78.7862,81.1,20.9442,-11.2658, GOOD
3A9-G-BOT-20180123-02233,0, ,166, ,156.9496,635.6121,78.5,88.6664,91.2,68.2377,-14.3904, GOOD
3A9-G-BOT-20180123-02233,0, ,167, ,152.0232,1117.1365,81.5,151.5557,92.1,46.7772,4.4047, GOOD
3A9-G-BOT-20180123-02233,0, ,168, ,138.1036,1123.4258,81.9,141.0759,85.7,52.7739,-9.2889, GOOD
3A9-G-BOT-20180123-02233,0, ,169, ,148.9487,210.1018,114.2,26.7246,121,46.5126,1.4936, GOOD
3A9-G-BOT-20180123-02233,0, ,170, ,158.1439,516.5085,76,72.4033,88.7,6.769,-8.7226, GOOD
3A9-G-BOT-20180123-02233,0, ,171, ,143.8543,1116.3503,81.4,144.6326,87.9,28.3784,11.0304, GOOD
3A9-G-BOT-20180123-02233,0, ,172, ,141.3945,1109.2748,80.9,141.2779,85.8,26.6898,13.778, GOOD
3A9-G-BOT-20180123-02233,0, ,173, ,134.0288,207.9399,113,24.1499,109.4,37.7255,-18.5446, GOOD
3A9-G-BOT-20180123-02233,0, ,174, ,140.4045,199.0956,108.2,24.2712,109.9,43.5297,5.7604, GOOD
3A9-G-BOT-20180123-02233,0, ,175, ,152.891,528.694,77.7,71.573,87.7,67.3493,-1.8795, GOOD
3A9-G-BOT-20180123-02233,0, ,176, ,144.4896,177.6727,96.6,21.4534,97.2,73.2167,-22.3708, GOOD
3A9-G-BOT-20180123-02233,0, ,177, ,136.8185,181.2104,98.5,20.9949,95.1,72.1122,1.716, GOOD
3A9-G-BOT-20180123-02233,0, ,178, ,135.4447,189.4651,103,21.6092,97.9,60.382,11.4326, GOOD
3A9-G-BOT-20180123-02233,0, ,179, ,140.135,174.7245,95,20.8346,94.4,41.9678,6.3299, GOOD
3A9-G-BOT-20180123-02233,0, ,180, ,141.0356,600.0383,74.1,75.3272,77.5,59.0017,42.171, GOOD
3A9-G-BOT-20180123-02233,0, ,181, ,141.3641,625.1954,77.2,77.482,79.7,57.7912,-24.8943, GOOD
3A9-G-BOT-20180123-02233,0, ,182, ,150.1964,211.4776,114.9,27.0882,122.7,10.5636,-7.0223, GOOD
3A9-G-BOT-20180123-02233,0, ,183, ,136.0165,199.4886,108.4,23.6603,107.2,70.2044,4.9311, GOOD
3A9-G-BOT-20180123-02233,0, ,184, ,149.553,207.5468,112.8,26.0262,117.9,49.9489,-10.3564, GOOD
3A9-G-BOT-20180123-02233,0, ,185, ,148.9547,193.5924,105.2,24.5761,111.3,63.947,-25.1645, GOOD
3A9-G-BOT-20180123-02233,0, ,186, ,154.4588,193.789,105.3,25.4605,115.3,69.3874,-28.4471, GOOD
3A9-G-BOT-20180123-02233,0, ,187, ,147.4178,216.9808,117.9,26.9472,122,53.3383,9.8167, GOOD
3A9-G-BOT-20180123-02233,0, ,188, ,150.089,196.1475,106.6,25.0312,113.4,67.7208,10.2194, GOOD
3A9-G-BOT-20180123-02233,0, ,189, ,154.4907,200.6679,109.1,26.1136,118.3,73.5687,6.3978, GOOD
3A9-G-BOT-20180123-02233,0, ,190, ,146.5162,204.9918,111.4,25.7747,116.7,36.5815,-10.8396, GOOD
3A9-G-BOT-20180123-02233,0, ,191, ,154.4475,624.6058,77.1,85.3556,87.8,66.4032,27.8515, GOOD
3A9-G-BOT-20180123-02233,0, ,192, ,144.8426,655.6592,80.9,83.7474,86.2,37.5075,-39.8038, GOOD
3A9-G-BOT-20180123-02233,0, ,193, ,145.1613,1419.8088,109.2,182.4498,117,45.0746,-15.2577, GOOD
3A9-G-BOT-20180123-02233,0, ,194, ,140.9649,896.4214,114.9,110.0145,117.5,30.1029,-9.8418, GOOD
3A9-G-BOT-20180123-02233,0, ,195, ,149.9322,1018.8662,112,133.3884,122.2,21.9752,-9.618, GOOD
3A9-G-BOT-20180123-02233,0, ,196, ,148.9185,846.8932,104.7,112.4932,115.9,53.7805,-16.1911, GOOD
3A9-G-BOT-20180123-02233,0, ,197, ,145.704,833.1354,103,108.7646,112,63.3231,-12.6415, GOOD
3A9-G-BOT-20180123-02233,0, ,198, ,146.1378,692.0192,105.4,90.3948,114.7,55.4923,-6.944, GOOD
3A9-G-BOT-20180123-02233,0, ,199, ,141.5865,686.3196,104.5,87.1294,110.5,64.8833,8.6466, GOOD
3A9-G-BOT-20180123-02233,0, ,200, ,138.8414,339.0324,103.5,41.5907,105.8,51.4212,12.3895, GOOD
3A9-G-BOT-20180123-02233,0, ,201, ,148.0196,1312.8907,101,175.0088,112.2,42.7861,32.6061, GOOD
3A9-G-BOT-20180123-02233,0, ,202, ,147.6426,974.8411,107.1,126.2733,115.6,48.9376,-6.644, GOOD
3A9-G-BOT-20180123-02233,0, ,203, ,150.1713,939.4638,83.1,125.5726,92.6,62.8144,35.7325, GOOD
3A9-G-BOT-20180123-02233,0, ,204, ,146.8225,964.621,85.4,126.3656,93.2,57.6159,12.8014, GOOD
3A9-G-BOT-20180123-02233,0, ,205, ,144.9631,919.0236,81.3,118.3269,87.3,66.6862,4.2492, GOOD
3A9-G-BOT-20180123-02233,0, ,206, ,139.5036,930.816,82.4,115.9445,85.5,71.5423,-6.196, GOOD
3A9-G-BOT-20180123-02233,0, ,207, ,149.0721,926.099,82,125.3071,92.4,33.9526,3.6564, GOOD
3A9-G-BOT-20180123-02233,0, ,208, ,140.19,941.0361,83.3,120.0732,88.5,37.4645,-5.303, GOOD
3A9-G-BOT-20180123-02233,0, ,209, ,141.4143,593.749,91.8,74.2719,95.6,42.0426,-4.8942, GOOD
3A9-G-BOT-20180123-02233,0, ,210, ,135.309,589.8182,91.2,70.9987,91.4,72.1083,-2.937, GOOD
3A9-G-BOT-20180123-02233,0, ,211, ,145.8895,588.6389,91,75.8317,97.7,36.3832,0.9844, GOOD
3A9-G-BOT-20180123-02233,0, ,212, ,136.0601,582.1531,90,71.2224,91.7,78.6329,1.9659, GOOD
3A9-G-BOT-20180123-02233,0, ,213, ,141.1752,573.7018,88.7,72.3058,93.1,41.1301,-5.2844, GOOD
3A9-G-BOT-20180123-02233,0, ,214, ,135.5182,575.6672,89,69.9661,90.1,80.2439,-1.439, GOOD
3A9-G-BOT-20180123-02233,0, ,215, ,139.6458,904.0865,80,113.8616,84,48.7199,-0.2064, GOOD
3A9-G-BOT-20180123-02233,0, ,216, ,148.7493,947.3254,83.8,127.8758,94.3,76.9207,1.0992, GOOD
3A9-G-BOT-20180123-02233,0, ,217, ,130.5819,1095.91,79.9,130.5,79.3,50.6428,-6.5287, GOOD
3A9-G-BOT-20180123-02233,0, ,218, ,144.2672,1119.4949,81.6,147.0887,89.4,67.4127,0.9766, GOOD
3A9-G-BOT-20180123-02233,0, ,219, ,136.2056,1070.7528,78.1,131.002,79.6,53.708,4.6425, GOOD
3A9-G-BOT-20180123-02233,0, ,220, ,153.0699,1149.3691,83.8,158.6169,96.4,62.8008,6.7692, GOOD
3A9-G-BOT-20180123-02233,0, ,221, ,158.2803,1152.5138,84,164.325,99.9,57.8468,31.1189, GOOD
3A9-G-BOT-20180123-02233,0, ,222, ,132.0772,1250.7841,91.2,145.9411,88.7,59.5419,-11.6925, GOOD
3A9-G-BOT-20180123-02233,0, ,223, ,150.5137,514.7397,79.5,67.3018,86.7,43.6255,-6.7442, GOOD
3A9-G-BOT-20180123-02233,0, ,224, ,139.0895,503.5369,77.8,61.1246,78.7,72.439,-4.9349, GOOD
3A9-G-BOT-20180123-02233,0, ,225, ,133.2014,1060.5327,77.3,127.615,77.5,52.7175,-3.6367, GOOD
3A9-G-BOT-20180123-02233,0, ,226, ,137.9492,1096.6963,80,133.7795,81.3,62.558,-3.166, GOOD
3A9-G-BOT-20180123-02233,0, ,227, ,145.95,184.9446,100.5,22.557,102.2,67.3727,-3.1313, GOOD
3A9-G-BOT-20180123-02233,0, ,228, ,157.8132,179.6381,97.6,23.849,108,32.1051,-7.8821, GOOD
3A9-G-BOT-20180123-02233,0, ,229, ,154.6024,1029.0862,103,140.903,117.5,71.7012,-6.2141, GOOD
3A9-G-BOT-20180123-02233,0, ,230, ,155.3515,1040.0925,104.1,143.0844,119.4,73.2959,-14.067, GOOD
3A9-G-BOT-20180123-02233,0, ,231, ,149.5325,1541.6641,102.9,204.5093,113.7,75.786,-3.8048, GOOD
3A9-G-BOT-20180123-02233,0, ,232, ,155.4154,1445.7523,96.5,200.9509,111.7,60.6851,35.8327, GOOD
3A9-G-BOT-20180123-02233,0, ,233, ,149.768,1029.0862,103,138.2995,115.4,61.3157,-3.6507, GOOD
3A9-G-BOT-20180123-02233,0, ,234, ,151.1236,1017.2938,101.8,137.0867,114.4,57.449,-2.9935, GOOD
3A9-G-BOT-20180123-02233,0, ,235, ,150.2891,1557.3872,103.9,207.8413,115.6,60.1924,0.4549, GOOD
3A9-G-BOT-20180123-02233,0, ,236, ,157.9078,1462.2616,97.6,206.5644,114.9,63.3275,33.3435, GOOD
3A9-G-BOT-20180123-02233,0, ,237, ,159.4855,536.5557,82.9,74.0369,95.3,61.5452,28.2742, GOOD
3A9-G-BOT-20180123-02233,0, ,238, ,162.7324,558.7648,86.3,79.1452,101.9,55.516,-5.0241, GOOD
3A9-G-BOT-20180123-02233,0, ,239, ,142.8525,195.3613,106.2,23.4712,106.3,80.6365,-6.1396, GOOD
3A9-G-BOT-20180123-02233,0, ,240, ,150.5544,204.7952,111.3,25.7938,116.8,71.9078,-10.5586, GOOD
3A9-G-BOT-20180123-02233,0, ,241, ,141.1095,198.7025,108,23.4898,106.4,62.3653,-33.8794, GOOD
3A9-G-BOT-20180123-02233,0, ,242, ,136.0892,195.5578,106.3,22.5362,102.1,67.6218,-28.0033, GOOD
3A9-G-BOT-20180123-02233,0, ,243, ,130.8671,198.3094,107.8,22.2481,100.8,67.6564,6.5, GOOD
3A9-G-BOT-20180123-02233,0, ,244, ,137.1812,191.627,104.1,22.5078,101.9,61.8766,7.5524, GOOD
3A9-G-BOT-20180123-02233,0, ,245, ,163.3526,193.5924,105.2,26.3434,119.3,30.8164,-5.8259, GOOD
3A9-G-BOT-20180123-02233,0, ,246, ,169.052,196.7371,106.9,27.6132,125.1,29.0068,-11.3206, GOOD
3A9-G-BOT-20180123-02233,0, ,247, ,143.8164,520.2428,76.5,66.3212,81.3,94.4173,-11.4166, GOOD
3A9-G-BOT-20180123-02233,0, ,248, ,133.6262,520.2428,76.5,62.6215,76.7,29.4337,-13.0407, GOOD
3A9-G-BOT-20180123-02233,0, ,249, ,152.8027,905.0692,78.7,121.0832,87.7,49.196,45.7045, GOOD
3A9-G-BOT-20180123-02233,0, ,250, ,151.4285,931.2091,81,122.2392,88.6,55.9814,-58.316, GOOD
3A9-G-BOT-20180123-02233,0, ,251, ,147.0595,221.1081,120.2,26.9529,122.1,49.0185,-38.6701, GOOD
3A9-G-BOT-20180123-02233,0, ,252, ,147.4919,216.9808,117.9,27.0033,122.3,53.0032,5.0397, GOOD
3A9-G-BOT-20180123-02233,0, ,253, ,155.9887,941.8223,83.3,129.3842,95.4,71.6751,-2.6556, GOOD
3A9-G-BOT-20180123-02233,0, ,254, ,133.4059,219.1427,119.1,24.5723,111.3,55.0507,-27.7988, GOOD
3A9-G-BOT-20180123-02233,0, ,255, ,126.8028,208.9226,113.5,23.0562,104.4,76.9056,-7.277, GOOD
3A9-G-BOT-20180123-02233,0, ,256, ,134.1732,217.3738,118.1,24.7491,112.1,59.619,12.0363, GOOD
3A9-G-BOT-20180123-02233,0, ,257, ,140.6061,216.5877,117.7,25.8713,117.2,33.3283,-7.9102, GOOD
3A9-G-BOT-20180123-02233,0, ,258, ,136.5381,930.816,82.4,113.7408,83.9,37.5542,-0.9633, GOOD
3A9-G-BOT-20180123-02233,0, ,259, ,133.6053,550.1169,85,65.3045,84.1,50.845,13.4702, GOOD
3A9-G-BOT-20180123-02233,0, ,260, ,138.6946,546.1862,84.4,66.6123,85.8,42.9831,-4.7138, GOOD
3A9-G-BOT-20180123-02233,0, ,261, ,132.1752,562.8921,87,66.146,85.2,80.644,-2.3231, GOOD
3A9-G-BOT-20180123-02233,0, ,262, ,116.089,192.6097,104.7,19.6295,88.9,71.1648,-8.4175, GOOD
3A9-G-BOT-20180123-02233,0, ,263, ,130.4069,191.0374,103.8,21.6005,97.8,46.093,-5.6425, GOOD
3A9-G-BOT-20180123-02233,0, ,264, ,139.0429,1104.5579,80.5,140.4618,85.3,42.7517,-0.0673, GOOD
3A9-G-BOT-20180123-02233,0, ,265, ,139.0736,1150.9414,83.9,142.6405,86.7,61.6941,-3.9255, GOOD
3A9-G-BOT-20180123-02233,0, ,266, ,144.1764,1107.7025,80.8,143.6635,87.3,43.0418,4.553, GOOD
3A9-G-BOT-20180123-02233,0, ,267, ,132.1801,1104.5579,80.5,130.5812,79.3,55.4878,10.5223, GOOD
3A9-G-BOT-20180123-02233,0, ,268, ,144.8065,1137.5765,82.9,149.1514,90.6,33.4034,-5.2268, GOOD
3A9-G-BOT-20180123-02233,0, ,269, ,136.7992,1117.9225,81.5,137.6439,83.6,54.3946,2.0146, GOOD
3A9-G-BOT-20180123-02233,0, ,270, ,148.1234,574.6846,88.8,74.2895,95.7,61.8969,36.8735, GOOD
3A9-G-BOT-20180123-02233,0, ,271, ,148.9947,575.6672,88.9,74.9452,96.5,64.3077,-7.8978, GOOD
3A9-G-BOT-20180123-02233,0, ,272, ,148.9659,566.8229,87.6,74.3805,95.8,58.2052,35.2661, GOOD
3A9-G-BOT-20180123-02233,0, ,273, ,146.4571,590.4078,91.2,75.7572,97.5,65.987,4.3236, GOOD
3A9-G-BOT-20180123-02233,0, ,274, ,147.0767,566.2333,87.5,73.4094,94.5,61.8914,40.5288, GOOD
3A9-G-BOT-20180123-02233,0, ,275, ,148.7905,586.6735,90.6,76.5473,98.5,63.9698,-2.2056, GOOD
3A9-G-BOT-20180123-02233,0, ,276, ,145.2557,1102.9855,80.4,142.8035,86.8,53.4718,24.6083, GOOD
3A9-G-BOT-20180123-02233,0, ,277, ,147.5346,1155.6583,84.3,152.1374,92.4,57.6077,12.1744, GOOD
3A9-G-BOT-20180123-02233,0, ,278, ,159.1603,1134.432,82.7,159.9674,97.2,59.5864,27.1213, GOOD
3A9-G-BOT-20180123-02233,0, ,279, ,150.4686,1174.5262,85.6,157.5823,95.8,63.7984,12.8816, GOOD
3A9-G-BOT-20180123-02233,0, ,280, ,121.3367,217.1773,118,22.8311,103.4,58.0424,1.3873, GOOD
3A9-G-BOT-20180123-02233,0, ,281, ,123.1867,214.4257,116.5,22.8462,103.5,52.9624,-15.8212, GOOD
3A9-G-BOT-20180123-02233,0, ,282, ,122.796,206.5641,112.3,22.0267,99.8,65.6723,-14.9464, GOOD
3A9-G-BOT-20180123-02233,0, ,283, ,118.1051,203.4195,110.6,20.7597,94,58.5269,10.0046, GOOD
3A9-G-BOT-20180123-02233,0, ,284, ,122.0746,208.726,113.4,21.8949,99.2,62.6579,11.2343, GOOD
3A9-G-BOT-20180123-02233,0, ,285, ,120.333,220.9116,120.1,22.9374,103.9,58.5617,1.6049, GOOD
3A9-G-BOT-20180123-02233,0, ,286, ,147.9964,190.2513,103.4,23.5892,106.8,75.9837,-9.1844, GOOD
3A9-G-BOT-20180123-02233,0, ,287, ,144.2059,191.2339,103.9,23.0831,104.5,72.1651,-12.8548, GOOD
3A9-G-BOT-20180123-02233,0, ,288, ,149.0171,194.7717,105.9,24.3239,110.2,67.437,-10.6096, GOOD
3A9-G-BOT-20180123-02233,0, ,289, ,144.0353,192.4132,104.6,23.2867,105.5,64.7608,-25.4078, GOOD
3A9-G-BOT-20180123-02233,0, ,290, ,142.0121,188.8755,102.6,22.7428,103,70.1103,-27.1633, GOOD
3A9-G-BOT-20180123-02233,0, ,291, ,141.7976,189.6616,103.1,22.3853,101.4,64.8013,-0.4634, GOOD
3A9-G-BOT-20180123-02233,0, ,292, ,133.271,183.9619,100,20.9759,95,61.8685,8.9185, GOOD
3A9-G-BOT-20180123-02233,0, ,293, ,156.2347,184.1585,100.1,24.1085,109.2,32.1897,-3.0669, GOOD
3A9-G-BOT-20180123-02233,0, ,294, ,154.0062,183.3723,99.7,23.7169,107.4,33.4027,-18.4393, GOOD
3A9-G-BOT-20180123-02233,0, ,295, ,156.7602,177.4761,96.5,23.3555,105.8,28.5644,-6.6173, GOOD
3A9-G-BOT-20180123-02233,0, ,296, ,173.7649,193.1994,105,27.3833,124,70.1102,-36.0956, GOOD
3A9-G-BOT-20180123-02233,0, ,297, ,149.2887,186.91,101.6,23.7544,107.6,68.7107,-24.8729, GOOD
3A9-G-BOT-20180123-02233,0, ,298, ,154.3485,196.5405,106.8,25.5307,115.6,64.1611,-24.8629, GOOD
3A9-G-BOT-20180123-02233,0, ,299, ,152.2461,198.899,108.1,25.5623,115.8,61.3113,-31.6243, GOOD
3A9-G-BOT-20180123-02233,0, ,300, ,140.9568,189.8582,103.2,22.6823,102.7,81.1184,-21.631, GOOD
3A9-G-BOT-20180123-02233,0, ,301, ,152.1225,198.7025,108,25.0286,113.4,65.3632,7.0948, GOOD
3A9-G-BOT-20180123-02233,0, ,302, ,145.685,186.3204,101.3,23.1281,104.7,66.5487,1.486, GOOD
3A9-G-BOT-20180123-02233,0, ,303, ,154.1492,192.6097,104.7,24.9237,112.9,62.4419,1.3893, GOOD
3A9-G-BOT-20180123-02233,0, ,304, ,148.3033,200.4714,108.9,25.2376,114.3,67.0236,4.3172, GOOD
3A9-G-BOT-20180123-02233,0, ,305, ,143.9818,189.072,102.8,23.0086,104.2,75.1051,8.7953, GOOD
3A9-G-BOT-20180123-02233,0, ,306, ,142.5889,964.621,85.4,124.1102,91.5,65.7119,-5.0638, GOOD
3A9-G-BOT-20180123-02233,0, ,307, ,136.2464,199.6852,108.5,23.2404,105.3,81.6714,-13.0633, GOOD
3A9-G-BOT-20180123-02233,0, ,308, ,153.752,177.8692,96.7,23.6897,107.3,50.3263,-1.474, GOOD
3A9-G-BOT-20180123-02233,0, ,309, ,158.1714,198.5059,107.9,26.4637,119.9,72.8673,-25.3772, GOOD
3A9-G-BOT-20180123-02233,0, ,310, ,155.7,197.5232,107.3,25.7826,116.8,79.2729,-28.9336, GOOD
3A9-G-BOT-20180123-02233,0, ,311, ,136.4321,205.9745,111.9,23.8937,108.2,58.9062,-31.3923, GOOD
3A9-G-BOT-20180123-02233,0, ,312, ,142.1486,191.8236,104.2,23.264,105.4,65.506,-30.7224, GOOD
3A9-G-BOT-20180123-02233,0, ,313, ,151.9798,194.7717,105.9,25.1515,113.9,58.7553,-28.4217, GOOD
3A9-G-BOT-20180123-02233,0, ,314, ,135.6742,179.8346,97.7,20.9947,95.1,75.6482,-18.9405, GOOD
3A9-G-BOT-20180123-02233,0, ,315, ,133.7533,188.8755,102.6,21.6433,98,64.31,-28.1835, GOOD
3A9-G-BOT-20180123-02233,0, ,316, ,146.0689,193.789,105.3,24.3827,110.4,75.2268,-27.7886, GOOD
3A9-G-BOT-20180123-02233,0, ,317, ,160.6035,198.5059,107.9,27.0813,122.6,70.4789,0.6721, GOOD
3A9-G-BOT-20180123-02233,0, ,318, ,153.4968,196.5405,106.8,25.5175,115.6,65.3527,5.499, GOOD
3A9-G-BOT-20180123-02233,0, ,319, ,143.4484,204.5987,111.2,24.8421,112.5,60.8476,-3.9852, GOOD
3A9-G-BOT-20180123-02233,0, ,320, ,144.2144,196.7371,106.9,24.1459,109.4,57.01,3.671, GOOD
3A9-G-BOT-20180123-02233,0, ,321, ,143.2467,195.7544,106.4,23.9764,108.6,65.8087,3.6991, GOOD
3A9-G-BOT-20180123-02233,0, ,322, ,138.2985,183.7654,99.9,21.7579,98.5,73.0591,6.1902, GOOD
3A9-G-BOT-20180123-02233,0, ,323, ,142.1341,188.8755,102.6,22.803,103.3,64.228,4.2163, GOOD
3A9-G-BOT-20180123-02233,0, ,324, ,136.6406,195.9509,106.5,22.8839,103.6,80.3128,2.9907, GOOD
3A9-G-BOT-20180123-02233,0, ,325, ,131.2066,191.627,104.1,21.3746,96.8,62.2969,-36.0127, GOOD
3A9-G-BOT-20180123-02233,0, ,326, ,140.9457,188.8755,102.6,22.6984,102.8,58.1607,1.5173, GOOD
3A9-G-BOT-20180123-02233,0, ,327, ,139.4452,943.3946,83.5,119.4484,88.1,22.1064,-18.6188, GOOD
3A9-G-BOT-20180123-02233,0, ,328, ,149.0814,1165.8785,85,155.4707,94.5,69.3899,12.0723, GOOD
3A9-G-BOT-20180123-02233,0, ,329, ,143.2161,1139.1489,83.1,147.103,89.4,67.7492,7.4908, GOOD
3A9-G-BOT-20180123-02233,0, ,330, ,152.8232,1128.929,82.3,157.0292,95.4,77.6341,-7.6324, GOOD
3A9-G-BOT-20180123-02233,0, ,331, ,146.4486,1132.0735,82.5,149.2524,90.7,65.4032,0.7766, GOOD
3A9-G-BOT-20180123-02233,0, ,332, ,139.8686,184.5516,100.3,22.1135,100.2,85.1524,3.2252, GOOD
3A9-G-BOT-20180123-02233,0, ,333, ,143.6892,198.3094,107.8,24.1867,109.5,67.977,-27.8313, GOOD
3A9-G-BOT-20180123-02233,0, ,334, ,153.6926,207.3503,112.7,26.6413,120.7,62.0454,-30.5296, GOOD
3A9-G-BOT-20180123-02233,0, ,335, ,154.5533,206.171,112,26.7195,121,50.9949,-11.5045, GOOD
3A9-G-BOT-20180123-02233,0, ,336, ,145.808,192.6097,104.7,24.0562,108.9,69.1539,-22.808, GOOD
3A9-G-BOT-20180123-02233,0, ,337, ,160.2747,177.6727,96.6,24.1418,109.3,69.2843,-18.9419, GOOD
3A9-G-BOT-20180123-02233,0, ,338, ,156.7163,192.6097,104.7,25.4761,115.4,62.1843,-27.491, GOOD
3A9-G-BOT-20180123-02233,0, ,339, ,146.7297,192.6097,104.7,24.1253,109.3,26.9099,6.0289, GOOD
3A9-G-BOT-20180123-02233,0, ,340, ,149.4004,206.3676,112.2,26.07,118.1,25.0144,9.3583, GOOD
3A9-G-BOT-20180123-02233,0, ,341, ,156.2198,201.2575,109.4,26.496,120,28.5894,2.2944, GOOD
3A9-G-BOT-20180123-02233,0, ,342, ,142.5393,184.5516,100.3,22.5183,102,66.7763,-4.064, GOOD
3A9-G-BOT-20180123-02233,0, ,343, ,152.5862,209.9053,114.1,26.6683,120.8,31.8923,10.8979, GOOD
3A9-G-BOT-20180123-02233,0, ,344, ,142.4231,176.4934,95.9,21.8537,99,65.0785,8.6039, GOOD
3A9-G-BOT-20180123-02233,0, ,345, ,152.6615,201.061,109.3,25.8582,117.1,17.2334,0.4345, GOOD
3A9-G-BOT-20180123-02233,0, ,346, ,157.6003,1108.4886,80.8,157.3644,95.6,65.5616,17.7708, GOOD
3A9-G-BOT-20180123-02233,0, ,347, ,151.0249,1148.5829,83.8,156.4175,95,65.5671,7.6258, GOOD
3A9-G-BOT-20180123-02233,0, ,348, ,147.7578,200.8644,109.2,25.018,113.3,65.0926,-9.1943, GOOD
3A9-G-BOT-20180123-02233,0, ,349, ,145.5272,203.8125,110.8,25.5808,115.9,31.8617,-17.1084, GOOD
3A9-G-BOT-20180123-02233,0, ,350, ,148.5407,420.2037,98.9,56.1699,110.2,62.9416,8.4715, GOOD
3A9-G-BOT-20180123-02233,0, ,351, ,145.4416,438.2854,103.2,56.5016,110.9,62.8249,9.7243, GOOD
3A9-G-BOT-20180123-02233,0, ,352, ,148.913,440.2508,103.7,58.4524,114.7,61.5935,-6.7018, GOOD
3A9-G-BOT-20180123-02233,0, ,353, ,143.7872,443.9851,104.5,56.2518,110.4,49.4779,-12.9857, GOOD
3A9-G-BOT-20180123-02233,0, ,354, ,146.4073,258.4508,99.1,33.0359,105.5,36.4557,7.9796, GOOD
3A9-G-BOT-20180123-02233,0, ,355, ,154.2681,245.2826,94,33.6215,107.4,39.3802,-1.9412, GOOD
3A9-G-BOT-20180123-02233,0, ,356, ,142.9578,1117.9225,81.5,142.8901,86.8,68.4495,-4.9916, GOOD
3A9-G-BOT-20180123-02233,0, ,357, ,143.8174,1108.4886,80.8,144.2003,87.6,37.6163,1.6027, GOOD
3A9-G-BOT-20180123-02233,0, ,358, ,153.9508,3617.9182,106.2,493.8529,120.8,35.2783,-13.3012, GOOD
3A9-G-BOT-20180123-02233,0, ,359, ,151.3852,2466.1907,104.9,329.1139,116.6,47.6798,-2.8866, GOOD
3A9-G-BOT-20180123-02233,0, ,360, ,150.9627,2503.1401,106.4,333.2006,118.1,39.8752,-7.0248, GOOD
3A9-G-BOT-20180123-02233,0, ,361, ,151.3036,2513.3606,106.9,335.1534,118.7,35.1509,-0.9308, GOOD
3A9-G-BOT-20180123-02233,0, ,362, ,157.7044,2238.2039,103.6,316.6706,122.2,50.4017,-12.0491, GOOD
3A9-G-BOT-20180123-02233,0, ,363, ,156.2633,2202.0403,101.9,309.8792,119.6,34.2796,15.7153, GOOD
3A9-G-BOT-20180123-02233,0, ,364, ,150.1739,2208.3293,102.2,299.0259,115.4,44.7859,-16.0074, GOOD
3A9-G-BOT-20180123-02233,0, ,365, ,156.7548,2197.3232,101.7,309.1004,119.3,34.825,16.1683, GOOD
3A9-G-BOT-20180123-02233,0, ,366, ,137.5426,555.6201,85.8,67.2482,86.6,47.9816,-8.7049, GOOD
3A9-G-BOT-20180123-02233,0, ,367, ,143.7841,1065.2496,94.3,133.0621,98.1,69.5656,1.0656, GOOD
3A9-G-BOT-20180123-02233,0, ,368, ,156.3649,1241.3501,90.5,170.0719,103.3,56.9064,9.1445, GOOD
3A9-G-BOT-20180123-02233,0, ,369, ,150.1621,1255.5009,91.5,165.0296,100.3,73.5615,-17.1901, GOOD
3A9-G-BOT-20180123-02233,0, ,370, ,129.8081,1106.9163,80.7,130.7388,79.4,49.071,-5.8122, GOOD
3A9-G-BOT-20180123-02233,0, ,371, ,135.1145,1113.9917,81.2,133.7524,81.3,64.4521,11.1909, GOOD
3A9-G-BOT-20180123-02233,0, ,372, ,158.831,1138.3628,83,159.4586,96.9,58.4123,29.0144, GOOD
3A9-G-BOT-20180123-02233,0, ,373, ,153.7463,567.6091,87.7,76.2902,98.3,56.8819,31.5462, GOOD
3A9-G-BOT-20180123-02233,0, ,374, ,150.7455,604.1656,93.3,78.8454,101.5,66.9196,-2.3942, GOOD
3A9-G-BOT-20180123-02233,0, ,375, ,146.9585,1158.0168,84.4,151.7398,92.2,54.2992,9.2057, GOOD
3A9-G-BOT-20180123-02233,0, ,376, ,142.45,1106.9163,80.7,140.562,85.4,60.4982,27.0866, GOOD
3A9-G-BOT-20180123-02233,0, ,377, ,145.7047,1167.4508,85.1,151.1318,91.8,63.5417,9.114, GOOD
3A9-G-BOT-20180123-02233,0, ,378, ,126.5358,210.4949,114.4,23.1938,105,69.9489,-18.7716, GOOD
3A9-G-BOT-20180123-02233,0, ,379, ,123.185,217.9635,118.5,23.1178,104.7,71.9135,1.9661, GOOD
3A9-G-BOT-20180123-02233,0, ,380, ,140.5872,194.7717,105.9,23.2062,105.1,46.9351,0.5951, GOOD
3A9-G-BOT-20180123-02233,0, ,381, ,144.192,197.1302,107.1,23.6931,107.3,52.0733,-4.1955, GOOD
3A9-G-BOT-20180123-02233,0, ,382, ,139.9964,181.2104,98.5,21.6281,98,40.1929,2.1971, GOOD
3A9-G-BOT-20180123-02233,0, ,383, ,147.8751,182.7827,99.3,22.9178,103.8,40.3297,8.0967, GOOD
3A9-G-BOT-20180123-02233,0, ,384, ,149.7325,182.1931,99,22.8848,103.6,3.5047,-0.0184, GOOD
3A9-G-BOT-20180123-02233,0, ,385, ,147.8364,189.4651,103,23.5607,106.7,16.5675,7.5004, GOOD
3A9-G-BOT-20180123-02233,0, ,386, ,148.3806,182.9792,99.4,22.9268,103.8,15.8034,-5.5578, GOOD
3A9-G-BOT-20180123-02233,0, ,387, ,145.8907,201.2575,109.4,24.4997,111,2.7941,-0.8729, GOOD
3A9-G-BOT-20180123-02233,0, ,388, ,151.7479,171.5799,93.2,22.0911,100.1,5.5626,10.5307, GOOD
3A9-G-BOT-20180123-02233,0, ,389, ,137.7402,193.789,105.3,22.5444,102.1,51.1912,-3.567, GOOD
3A9-G-BOT-20180123-02233,0, ,390, ,148.4639,198.3094,107.8,24.6852,111.8,39.9035,-4.9995, GOOD
3A9-G-BOT-20180123-02233,0, ,391, ,141.7164,194.1821,105.5,23.3423,105.7,39.4393,-1.3943, GOOD
3A9-G-BOT-20180123-02233,0, ,392, ,146.0834,192.0201,104.4,23.3785,105.9,44.0981,-3.8571, GOOD
3A9-G-BOT-20180123-02233,0, ,393, ,143.8092,176.8865,96.1,21.4728,97.2,42.045,1.2221, GOOD
3A9-G-BOT-20180123-02233,0, ,394, ,137.6186,188.8755,102.6,21.9494,99.4,48.8761,5.3182, GOOD
3A9-G-BOT-20180123-02233,0, ,395, ,137.4985,181.6035,98.7,21.0799,95.5,47.3602,1.927, GOOD
3A9-G-BOT-20180123-02233,0, ,396, ,139.9302,194.1821,105.5,22.9226,103.8,18.1582,-1.9276, GOOD
3A9-G-BOT-20180123-02233,0, ,397, ,149.9313,195.5578,106.3,24.5155,111,-5.5708,1.5712, GOOD
3A9-G-BOT-20180123-02233,0, ,398, ,154.8503,196.5405,106.8,25.3437,114.8,-7.518,2.3366, GOOD
3A9-G-BOT-20180123-02233,0, ,399, ,149.3401,186.91,101.6,23.4249,106.1,4.6126,-4.8696, GOOD
3A9-G-BOT-20180123-02233,0, ,400, ,140.2708,177.6727,96.6,21.3739,96.8,16.5208,9.1919, GOOD
3A9-G-BOT-20180123-02233,0, ,401, ,140.4137,186.3204,101.3,21.9567,99.4,21.1276,9.2062, GOOD
3A9-G-BOT-20180123-02233,0, ,402, ,153.0849,193.1994,105,24.7902,112.3,26.6626,-19.0223, GOOD
3A9-G-BOT-20180123-02233,0, ,403, ,153.3446,192.2166,104.5,24.8509,112.5,20.6132,16.0554, GOOD
3A9-G-BOT-20180123-02233,0, ,404, ,147.8546,197.5232,107.3,24.4004,110.5,27.5823,-17.2242, GOOD
3A9-G-BOT-20180123-02233,0, ,405, ,150.642,192.2166,104.5,24.2405,109.8,25.2578,-15.0027, GOOD
3A9-G-BOT-20180123-02233,0, ,406, ,143.2288,187.6962,102,22.6972,102.8,14.8418,-10.8985, GOOD
3A9-G-BOT-20180123-02233,0, ,407, ,141.8786,193.5924,105.2,23.1816,105,21.7386,23.3738, GOOD
3A9-G-BOT-20180123-02233,0, ,408, ,149.8657,247.248,94.8,32.5446,104,19.9257,-7.4627, GOOD
3A9-G-BOT-20180123-02233,0, ,409, ,149.2764,431.21,101.5,56.2863,110.4,17.25,-10.059, GOOD
3A9-G-BOT-20180123-02233,0, ,410, ,155.3442,413.9144,97.5,56.9748,111.8,19.326,14.6446, GOOD
3A9-G-BOT-20180123-02233,0, ,411, ,138.2938,966.1933,85.5,119.6388,88.2,29.8689,7.2442, GOOD
3A9-G-BOT-20180123-02233,0, ,412, ,144.8197,195.9509,106.5,23.8062,107.8,52.1251,-4.3373, GOOD
3A9-G-BOT-20180123-02233,0, ,413, ,146.7352,199.2921,108.3,24.6832,111.8,51.1507,-14.3505, GOOD
3A9-G-BOT-20180123-02233,0, ,414, ,148.2468,191.627,104.1,23.9723,108.6,2.2983,-5.0253, GOOD
3A9-G-BOT-20180123-02233,0, ,415, ,148.4002,201.6506,109.6,25.0222,113.3,4.5481,-3.1114, GOOD
3A9-G-BOT-20180123-02233,0, ,416, ,153.5757,1910.374,103.8,258.5141,117.1,17.9254,10.3946, GOOD
3A9-G-BOT-20180123-02233,0, ,417, ,157.8947,1845.9088,100.3,257.1214,116.4,22.0347,7.2886, GOOD
3A9-G-BOT-20180123-02233,0, ,418, ,153.9861,251.5719,96.4,33.9732,108.5,36.5864,-7.7933, GOOD
3A9-G-BOT-20180123-02233,0, ,419, ,144.5057,443.592,104.4,56.0431,110,24.9467,0.6143, GOOD
3A9-G-BOT-20180123-02233,0, ,420, ,159.5571,425.9034,100.3,59.6974,117.1,23.7531,14.6388, GOOD
3A9-G-BOT-20180123-02233,0, ,421, ,150.1249,1889.9338,102.7,251.8945,114.1,22.5735,14.0208, GOOD
3A9-G-BOT-20180123-02233,0, ,422, ,152.896,1897.7954,103.1,257.6795,116.7,23.8033,0.9614, GOOD
3A9-G-BOT-20180123-02233,0, ,423, ,146.1054,15676.8594,103.3,2107.7776,115.7,15.0368,-13.086, GOOD
3A9-G-BOT-20180123-02233,0, ,424, ,141.8822,217.7669,118.4,26.0259,117.9,43.0829,-13.39, GOOD
3A9-G-BOT-20180123-02233,0, ,425, ,141.1518,216.5877,117.7,25.8756,117.2,48.6798,-0.7266, GOOD
3A9-G-BOT-20180123-02233,0, ,426, ,151.3752,212.2638,115.4,26.9919,122.2,48.1263,-16.1897, GOOD
3A9-G-BOT-20180123-02233,0, ,427, ,139.6654,207.1537,112.6,24.3709,110.4,-4.4226,4.1822, GOOD
3A9-G-BOT-20180123-02233,0, ,428, ,156.0734,213.2465,115.9,28.0289,126.9,4.0844,-16.9508, GOOD
3A9-G-BOT-20180123-02233,0, ,429, ,149.19,220.1254,119.6,27.503,124.6,-2.427,3.6451, GOOD
3A9-G-BOT-20180123-02233,0, ,430, ,125.9773,15584.8789,102.7,1827.5127,100.3,39.1918,7.4299, GOOD
3A9-G-BOT-20180123-02233,0, ,431, ,155.343,3378.9248,99.2,467.1298,114.3,37.8203,54.0336, GOOD
3A9-G-BOT-20180123-02233,0, ,432, ,144.5974,1030.6586,91.2,130.4626,96.2,29.8002,-5.9703, GOOD
3A9-G-BOT-20180123-02233,0, ,433, ,139.5538,191.2339,103.9,22.5109,102,46.2041,-3.5907, GOOD
3A9-G-BOT-20180123-02233,0, ,434, ,146.2502,188.8755,102.6,23.3098,105.6,43.12,2.8905, GOOD
3A9-G-BOT-20180123-02233,0, ,435, ,145.2577,200.0783,108.7,24.2848,110,39.1212,2.3376, GOOD
3A9-G-BOT-20180123-02233,0, ,436, ,154.7662,202.2402,109.9,25.9206,117.4,5.3703,-17.0137, GOOD
3A9-G-BOT-20180123-02233,0, ,437, ,159.4958,204.5987,111.2,27.1028,122.7,5.9017,3.5497, GOOD
3A9-G-BOT-20180123-02233,0, ,438, ,157.1195,198.899,108.1,25.9999,117.8,7.6531,6.0183, GOOD
3A9-G-BOT-20180123-02233,0, ,439, ,137.9493,526.139,81.3,64.4142,83,26.2505,35.7391, GOOD
3A9-G-BOT-20180123-02233,0, ,440, ,143.9218,532.4283,82.2,67.6603,87.1,26.5343,-7.4023, GOOD
3A9-G-BOT-20180123-02233,0, ,441, ,147.4728,182.1931,99,22.7462,103,33.1062,-20.8799, GOOD
3A9-G-BOT-20180123-02233,0, ,442, ,144.8224,196.1475,106.6,24.0039,108.7,33.6142,6.434, GOOD
3A9-G-BOT-20180123-02233,0, ,443, ,150.7113,193.1994,105,24.5424,111.1,19.126,8.1461, GOOD
3A9-G-BOT-20180123-02233,0, ,444, ,147.0723,191.2339,103.9,23.9283,108.4,19.7475,10.8136, GOOD
3A9-G-BOT-20180123-02233,0, ,445, ,145.9289,588.0493,72.6,75.0778,77.2,24.7963,-29.1919, GOOD
3A9-G-BOT-20180123-02233,0, ,446, ,146.3004,243.1206,93.2,30.9883,99,34.1917,-8.5549, GOOD
3A9-G-BOT-20180123-02233,0, ,447, ,155.2165,239.5829,91.8,32.7596,104.7,28.5963,-6.128, GOOD
3A9-G-BOT-20180123-02233,0, ,448, ,159.3722,398.3877,93.8,55.9552,109.8,25.9686,15.6444, GOOD
3A9-G-BOT-20180123-02233,0, ,449, ,150.2122,415.0936,97.7,54.5534,107,26.29,3.8049, GOOD
3A9-G-BOT-20180123-02233,0, ,450, ,156.8828,387.1848,91.2,53.3712,104.7,20.0893,3.6822, GOOD
3A9-G-BOT-20180123-02233,0, ,451, ,143.8017,1078.6145,78.6,138.9779,84.4,26.5258,7.2539, GOOD
3A9-G-BOT-20180123-02233,0, ,452, ,146.1795,1090.4069,79.5,141.4509,85.9,51.2851,10.3877, GOOD
3A9-G-BOT-20180123-02233,0, ,453, ,134.3885,1118.7087,81.6,135.1409,82.1,29.4828,5.5056, GOOD
3A9-G-BOT-20180123-02233,0, ,454, ,147.3529,1108.4886,80.8,146.4453,89,41.1838,-1.5457, GOOD
3A9-G-BOT-20180123-02233,0, ,455, ,157.7633,180.6208,98.2,24.1534,109.4,27.2997,-16.6675, GOOD
3A9-G-BOT-20180123-02233,0, ,456, ,163.1313,189.6616,103.1,26.4121,119.6,25.2044,-14.0535, GOOD
3A9-G-BOT-20180123-02233,0, ,457, ,142.8813,183.5689,99.8,22.4387,101.6,39.5899,-12.3454, GOOD
3A9-G-BOT-20180123-02233,0, ,458, ,148.6903,192.6097,104.7,24.1884,109.5,31.3706,-24.1426, GOOD
3A9-G-BOT-20180123-02233,0, ,459, ,136.9422,192.4132,104.6,22.2131,100.6,39.3264,-8.4808, GOOD
3A9-G-BOT-20180123-02233,0, ,460, ,143.0029,187.6962,102,23.1375,104.8,20.0227,15.6643, GOOD
3A9-G-BOT-20180123-02233,0, ,461, ,141.7641,197.3267,107.2,23.7013,107.3,24.9357,15.0627, GOOD
3A9-G-BOT-20180123-02233,0, ,462, ,138.8234,186.517,101.4,22.2038,100.6,40.8359,11.1485, GOOD
3A9-G-BOT-20180123-02233,0, ,463, ,142.1238,194.5751,105.7,23.3992,106,23.5031,10.7394, GOOD
3A9-G-BOT-20180123-02233,0, ,464, ,152.1685,186.7135,101.5,24.0687,109,12.3467,8.1038, GOOD
3A9-G-BOT-20180123-02233,0, ,465, ,159.0594,187.8927,102.1,25.3861,115,-1.9553,-3.178, GOOD
3A9-G-BOT-20180123-02233,0, ,466, ,151.274,190.2513,103.4,24.4926,110.9,11.7736,-8.4585, GOOD
3A9-G-BOT-20180123-02233,0, ,467, ,139.6422,495.0856,72.8,61.4388,75.3,71.1179,-7.1358, GOOD
3A9-G-BOT-20180123-02233,0, ,468, ,155.6442,507.6642,74.7,69.8695,85.6,-2.4066,-4.0846, GOOD
3A9-G-BOT-20180123-02233,0, ,469, ,144.9065,242.1379,92.8,30.4829,97.4,19.1918,-6.7231, GOOD
3A9-G-BOT-20180123-02233,0, ,470, ,157.0516,243.3172,93.3,33.5835,107.3,23.5839,-11.1614, GOOD
3A9-G-BOT-20180123-02233,0, ,471, ,159.2394,421.5794,99.3,57.9279,113.7,47.5563,10.1692, GOOD
3A9-G-BOT-20180123-02233,0, ,472, ,141,427.0826,100.6,52.8559,103.7,25.661,-5.4928, GOOD
3A9-G-BOT-20180123-02233,0, ,473, ,142.822,408.2147,96.1,51.8781,101.8,21.8339,0.8063, GOOD
3A9-G-BOT-20180123-02233,0, ,474, ,145.633,188.0893,102.2,23.1298,104.8,40.868,4.1733, GOOD
3A9-G-BOT-20180123-02233,0, ,475, ,142.5261,185.3377,100.7,22.4642,101.7,49.441,-3.2793, GOOD
3A9-G-BOT-20180123-02233,0, ,476, ,156.9695,1012.5768,89.6,140.4841,103.6,26.7,-4.5748, GOOD
3A9-G-BOT-20180123-02233,0, ,477, ,138.9538,3503.1384,103.6,446.8297,110.1,11.2015,29.1819, GOOD
3A9-G-BOT-20180123-02233,0, ,478, ,130.3712,1160.3754,84.6,136.7745,83.1,16.5282,-5.5633, GOOD
3A9-G-BOT-20180123-02233,0, ,479, ,144.5088,1213.8344,88.5,157.0406,95.4,26.7319,-10.2847, GOOD
3A9-G-BOT-20180123-02233,0, ,480, ,139.2173,3467.7612,102.5,442.4715,109,23.0586,29.1012, GOOD
3A9-G-BOT-20180123-02233,0, ,481, ,128.2717,204.2056,111,22.4352,101.6,21.5338,-28.1068, GOOD
3A9-G-BOT-20180123-02233,0, ,482, ,126.2418,201.2575,109.4,21.6906,98.2,17.3675,-23.7058, GOOD
3A9-G-BOT-20180123-02233,0, ,483, ,123.5,197.1302,107.1,20.9789,95,22.6286,-26.7785, GOOD
3A9-G-BOT-20180123-02233,0, ,484, ,127.2053,212.4603,115.5,23.2356,105.2,33.8426,-29.6283, GOOD
3A9-G-BOT-20180123-02233,0, ,485, ,133.1659,555.4236,85.8,65.5173,84.4,12.7644,30.4553, GOOD
3A9-G-BOT-20180123-02233,0, ,486, ,143.0457,562.6956,86.9,70.7899,91.1,10.7919,-7.6769, GOOD
3A9-G-BOT-20180123-02233,0, ,487, ,135.8905,540.2899,83.5,65.327,84.1,12.8362,35.1485, GOOD
3A9-G-BOT-20180123-02233,0, ,488, ,142.2191,572.7192,88.5,71.5236,92.1,13.4474,-2.6307, GOOD
3A9-G-BOT-20180123-02233,0, ,489, ,134.7247,216.9808,117.9,24.6766,111.8,32.0315,1.0981, GOOD
3A9-G-BOT-20180123-02233,0, ,490, ,133.3587,223.4666,121.4,25.2568,114.4,33.2861,-5.5368, GOOD
3A9-G-BOT-20180123-02233,0, ,491, ,138.926,215.4084,117.1,25.4952,115.5,-9.2007,-8.0092, GOOD
3A9-G-BOT-20180123-02233,0, ,492, ,142.2393,210.4949,114.4,25.7977,116.8,1.8753,-5.967, GOOD
3A9-G-BOT-20180123-02233,0, ,493, ,133.4373,218.5531,118.8,24.7061,111.9,-13.174,-1.7776, GOOD
3A9-G-BOT-20180123-02233,0, ,494, ,143.493,210.4949,114.4,25.7425,116.6,-7.5208,6.5211, GOOD
3A9-G-BOT-20180123-02233,0, ,495, ,121.0853,392.8845,108.9,41.3829,95.6,-1.1701,3.4441, GOOD
3A9-G-BOT-20180123-02233,0, ,496, ,123.7239,387.971,107.5,41.9943,97,4.116,5.1853, GOOD
3A9-G-BOT-20180123-02233,0, ,497, ,121.9136,391.9018,108.6,41.7718,96.5,-8.3514,12.1711, GOOD
3A9-G-BOT-20180123-02233,0, ,498, ,129.545,706.5632,113.5,80.3511,107.6,5.7163,7.3056, GOOD
3A9-G-BOT-20180123-02233,0, ,499, ,134.586,656.0523,105.4,78.2386,104.7,-9.7082,1.3271, GOOD
3A9-G-BOT-20180123-02233,0, ,500, ,125.692,387.971,107.5,42.6805,98.6,43.0366,3.2202, GOOD
3A9-G-BOT-20180123-02233,0, ,501, ,125.731,386.5952,107.1,42.4338,98,57.9296,-3.3748, GOOD
3A9-G-BOT-20180123-02233,0, ,502, ,126.7909,399.3704,110.7,44.252,102.2,46.2968,11.9567, GOOD
3A9-G-BOT-20180123-02233,0, ,503, ,133.0277,716.5869,115.1,83.2169,111.4,30.8683,6.392, GOOD
3A9-G-BOT-20180123-02233,0, ,504, ,147.1603,674.9202,108.4,87.2572,116.8,51.9539,3.3898, GOOD
3A9-G-BOT-20180123-02233,0, ,505, ,140.6438,545.9896,84.4,67.123,86.4,12.35,35.0263, GOOD
3A9-G-BOT-20180123-02233,0, ,506, ,142.5196,569.7711,88,71.2495,91.7,11.6982,-4.3569, GOOD
3A9-G-BOT-20180123-02233,0, ,507, ,136.662,555.4236,85.8,66.1012,85.1,18.8659,34.3464, GOOD
3A9-G-BOT-20180123-02233,0, ,508, ,144.9614,576.0603,89,73.2137,94.2,28.3074,-1.1438, GOOD
3A9-G-BOT-20180123-02233,0, ,509, ,136.8857,221.6977,120.5,25.7436,116.6,40.1138,6.1262, GOOD
3A9-G-BOT-20180123-02233,0, ,510, ,133.7771,213.8361,116.2,24.4225,110.6,39.0284,-3.3385, GOOD
3A9-G-BOT-20180123-02233,0, ,511, ,136.1286,212.4603,115.5,24.6269,111.5,26.8183,-1.2827, GOOD
3A9-G-BOT-20180123-02233,0, ,512, ,139.5465,215.0154,116.9,25.4116,115.1,23.5925,-22.3313, GOOD
3A9-G-BOT-20180123-02233,0, ,513, ,141.6507,214.4257,116.5,25.7458,116.6,38.1367,-6.105, GOOD
3A9-G-BOT-20180123-02233,0, ,514, ,136.4955,218.7496,118.9,25.3518,114.8,38.3088,-6.5484, GOOD
3A9-G-BOT-20180123-02233,0, ,515, ,136.0799,215.2119,117,24.6772,111.8,33.5163,-3.5728, GOOD
3A9-G-BOT-20180123-02233,0, ,516, ,132.3129,215.0154,116.9,24.3077,110.1,4.2762,-3.8182, GOOD
3A9-G-BOT-20180123-02233,0, ,517, ,138.8453,212.4603,115.5,25.358,114.8,13.8237,7.54, GOOD
3A9-G-BOT-20180123-02233,0, ,518, ,130.3271,218.9462,119,24.2817,110,-2.9821,1.8052, GOOD
3A9-G-BOT-20180123-02233,0, ,519, ,140.0457,213.8361,116.2,25.5392,115.7,6.8252,1.2971, GOOD
3A9-G-BOT-20180123-02233,0, ,520, ,131.4953,409.787,113.6,46.925,108.4,19.764,7.2021, GOOD
3A9-G-BOT-20180123-02233,0, ,521, ,130.549,405.07,112.2,46.2078,106.7,21.7588,4.4645, GOOD
3A9-G-BOT-20180123-02233,0, ,522, ,124.7838,402.7116,111.6,44.1116,101.9,7.8239,9.4988, GOOD
3A9-G-BOT-20180123-02233,0, ,523, ,135.5815,399.96,110.8,46.9432,108.4,65.1985,4.2378, GOOD
3A9-G-BOT-20180123-02233,0, ,524, ,132.5056,398.1911,110.3,45.9344,106.1,43.6185,-0.489, GOOD
3A9-G-BOT-20180123-02233,0, ,525, ,129.3994,382.2714,105.9,43.2042,99.8,33.6426,-1.8444, GOOD
3A9-G-BOT-20180123-02233,0, ,526, ,137.2557,709.3148,113.9,85.1862,114,14.4047,5.1619, GOOD
3A9-G-BOT-20180123-02233,0, ,527, ,137.2417,649.9596,104.4,79.0987,105.9,11.6151,2.2886, GOOD
3A9-G-BOT-20180123-02233,0, ,528, ,138.7223,718.7487,115.4,86.6276,116,33.837,6.6233, GOOD
3A9-G-BOT-20180123-02233,0, ,529, ,137.0806,669.4171,107.5,80.2843,107.5,44.5616,-1.3062, GOOD
3A9-G-BOT-20180123-02233,0, ,530, ,146.4448,1172.954,63.4,153.7102,69.2,33.9895,9.9963, GOOD
3A9-G-BOT-20180123-02233,0, ,531, ,141.0114,607.1137,93.8,74.6626,96.2,38.3347,12.557, GOOD
3A9-G-BOT-20180123-02233,0, ,532, ,132.0204,616.3511,95.3,71.2333,91.7,25.5984,2.0615, GOOD
3A9-G-BOT-20180123-02233,0, ,533, ,145.5205,585.4943,90.4,74.3534,95.7,30.9012,-4.9996, GOOD
3A9-G-BOT-20180123-02233,0, ,534, ,155.457,1188.6772,64.2,163.133,73.4,29.8645,0.4622, GOOD
3A9-G-BOT-20180123-02233,0, ,535, ,140.1238,223.2701,121.3,26.4265,119.7,33.698,-24.7327, GOOD
3A9-G-BOT-20180123-02233,0, ,536, ,128.9039,225.432,122.5,24.5861,111.3,25.3189,14.2042, GOOD
3A9-G-BOT-20180123-02233,0, ,537, ,137.7643,587.0666,72.5,71.4822,73.5,28.714,41.0942, GOOD
3A9-G-BOT-20180123-02233,0, ,538, ,143.4437,422.3656,99.4,53.4742,104.9,17.3181,3.0444, GOOD
3A9-G-BOT-20180123-02233,0, ,539, ,127.7579,1099.8408,80.2,126.9622,77.1,32.5381,7.1358, GOOD
3A9-G-BOT-20180123-02233,0, ,540, ,137.1169,1107.7025,80.8,138.2118,84,44.607,4.1258, GOOD
3A9-G-BOT-20180123-02233,0, ,541, ,139.7428,430.4238,101.3,53.3635,104.7,32.5344,-2.9596, GOOD
3A9-G-BOT-20180123-02233,0, ,542, ,143.1351,578.4188,89.4,72.7814,93.7,40.8834,3.7667, GOOD
3A9-G-BOT-20180123-02233,0, ,543, ,135.2247,970.9103,85.9,117.1959,86.4,28.0316,3.4616, GOOD
3A9-G-BOT-20180123-02233,0, ,544, ,146.0165,999.9983,88.5,128.7748,95,45.2429,-20.8923, GOOD
3A9-G-BOT-20180123-02233,0, ,545, ,134.425,197.3267,107.2,22.5797,102.3,49.6898,-21.965, GOOD
3A9-G-BOT-20180123-02233,0, ,546, ,137.2816,196.344,106.7,22.8772,103.6,49.0687,13.6835, GOOD
3A9-G-BOT-20180123-02233,0, ,547, ,138.1647,984.275,87.1,120.4319,88.8,48.1156,-11.9548, GOOD
3A9-G-BOT-20180123-02233,0, ,548, ,147.0401,3001.5671,85.9,397.631,94.9,16.4367,7.7372, GOOD
3A9-G-BOT-20180123-02233,0, ,549, ,142.9349,3071.5356,87.9,394.9497,94.2,49.2938,14.3151, GOOD
3A9-G-BOT-20180123-02233,0, ,550, ,130.6104,201.4541,109.5,22.4614,101.7,30.3557,6.8091, GOOD
3A9-G-BOT-20180123-02233,0, ,551, ,131.9686,197.5232,107.3,22.462,101.7,21.0558,15.4545, GOOD
3A9-G-BOT-20180123-02233,0, ,552, ,131.8749,194.1821,105.5,21.93,99.3,15.5101,8.2657, GOOD
3A9-G-BOT-20180123-02233,0, ,553, ,125.3021,216.3911,117.6,23.0214,104.3,23.3847,15.478, GOOD
3A9-G-BOT-20180123-02233,0, ,554, ,143.5641,577.4361,89.2,72.3334,93.2,16.1163,28.4192, GOOD
3A9-G-BOT-20180123-02233,0, ,555, ,134.4746,573.7018,88.6,68.0085,87.5,16.8228,-4.584, GOOD
3A9-G-BOT-20180123-02233,0, ,556, ,142.0412,588.2458,90.9,73.6003,94.8,16.2496,16.2319, GOOD
3A9-G-BOT-20180123-02233,0, ,557, ,134.2823,562.6956,86.9,66.7573,85.9,22.11,0.8669, GOOD
3A9-G-BOT-20180123-02233,0, ,558, ,133.103,223.8597,121.7,25.2213,114.2,26.3654,-29.1698, GOOD
3A9-G-BOT-20180123-02233,0, ,559, ,138.684,222.2874,120.8,25.9786,117.7,36.2021,-7.7089, GOOD
3A9-G-BOT-20180123-02233,0, ,560, ,136.2145,222.0908,120.7,25.5823,115.9,31.1324,-2.601, GOOD
3A9-G-BOT-20180123-02233,0, ,561, ,130.2348,216.7842,117.8,24.0944,109.1,9.4921,15.5233, GOOD
3A9-G-BOT-20180123-02233,0, ,562, ,136.3467,223.6631,121.6,25.7477,116.6,-3.4117,-16.297, GOOD
3A9-G-BOT-20180123-02233,0, ,563, ,134.3643,214.8188,116.7,24.3137,110.1,-9.6898,-12.6096, GOOD
3A9-G-BOT-20180123-02233,0, ,564, ,138.5968,214.4257,116.5,25.2571,114.4,2.5195,-6.7248, GOOD
3A9-G-BOT-20180123-02233,0, ,565, ,149.1103,642.2945,79.3,84.3366,86.8,31.4826,-12.4913, GOOD
3A9-G-BOT-20180123-02233,0, ,566, ,138.2191,584.9047,90.4,70.8706,91.3,10.0848,-3.5066, GOOD
3A9-G-BOT-20180123-02233,0, ,567, ,146.309,551.8859,85.3,70.9905,91.4,50.0162,-3.6769, GOOD
3A9-G-BOT-20180123-02233,0, ,568, ,143.1719,593.5524,91.7,74.5808,96,15.244,-4.5899, GOOD
3A9-G-BOT-20180123-02233,0, ,569, ,144.9966,569.9676,88.1,72.9554,94,51.0903,0.5163, GOOD
3A9-G-BOT-20180123-02233,0, ,570, ,136.1699,216.9808,117.9,25.0738,113.6,40.935,-4.2771, GOOD
3A9-G-BOT-20180123-02233,0, ,571, ,135.6084,215.8015,117.3,24.7984,112.3,24.8728,-11.9627, GOOD
3A9-G-BOT-20180123-02233,0, ,572, ,131.3181,214.8188,116.7,24.0166,108.8,29.945,1.2705, GOOD
3A9-G-BOT-20180123-02233,0, ,573, ,131.9401,215.0154,116.9,24.3263,110.2,26.5693,-2.1078, GOOD
3A9-G-BOT-20180123-02233,0, ,574, ,132.375,220.1254,119.6,24.8324,112.5,26.1677,-13.7332, GOOD
3A9-G-BOT-20180123-02233,0, ,575, ,130.6195,220.715,120,24.4118,110.6,36.7768,-10.3712, GOOD
3A9-G-BOT-20180123-02233,0, ,576, ,136.8992,207.3503,112.7,24.3869,110.4,23.7082,7.4663, GOOD
3A9-G-BOT-20180123-02233,0, ,577, ,138.9321,211.4776,114.9,25.0424,113.4,8.3658,-6.2556, GOOD
3A9-G-BOT-20180123-02233,0, ,578, ,136.2859,214.6223,116.6,25.1162,113.8,5.2469,-8.5993, GOOD
3A9-G-BOT-20180123-02233,0, ,579, ,134.7194,223.4666,121.4,25.785,116.8,-2.2248,1.1027, GOOD
3A9-G-BOT-20180123-02233,0, ,580, ,131.3634,215.0154,116.9,23.933,108.4,-1.3942,-4.7428, GOOD
3A9-G-BOT-20180123-02233,0, ,581, ,153.8953,206.3676,112.2,26.5724,120.3,-4.6488,1.3425, GOOD
3A9-G-BOT-20180123-02233,0, ,582, ,154.6889,1253.9287,68.4,169.24,77,50.6274,6.4831, GOOD
3A9-G-BOT-20180123-02233,0, ,583, ,140.1563,1188.6772,64.2,148.8869,67,38.5405,9.0846, GOOD
3A9-G-BOT-20180123-02233,0, ,584, ,146.0882,1200.4696,64.8,154.8658,69.7,46.6259,9.9333, GOOD
3A9-G-BOT-20180123-02233,0, ,585, ,148.3865,1191.0356,64.3,156.4657,70.4,45.006,6.6549, GOOD
3A9-G-BOT-20180123-02233,0, ,586, ,152.8543,581.1704,89.8,77.8964,100.3,16.4783,39.1225, GOOD
3A9-G-BOT-20180123-02233,0, ,587, ,148.9222,587.0666,90.7,76.1585,98,42.9637,-1.9801, GOOD
3A9-G-BOT-20180123-02233,0, ,588, ,137.8654,587.8528,90.8,71.1089,91.6,26.8255,20.8758, GOOD
3A9-G-BOT-20180123-02233,0, ,589, ,147.4248,595.3213,92,76.868,98.9,25.771,5.326, GOOD
3A9-G-BOT-20180123-02233,0, ,590, ,146.0464,583.922,90.2,74.5882,96,32.8539,3.9925, GOOD
3A9-G-BOT-20180123-02233,0, ,591, ,157.2677,1207.545,65.2,165.4338,74.5,47.8085,-10.1196, GOOD
3A9-G-BOT-20180123-02233,0, ,592, ,149.9143,1167.4508,63.1,154.994,69.8,27.1422,2.9056, GOOD
3A9-G-BOT-20180123-02233,0, ,593, ,152.0566,1180.0294,63.7,157.3321,70.8,34.6979,2.3005, GOOD
3A9-G-BOT-20180123-02233,0, ,594, ,154.4124,1205.9728,65.1,162.5378,73.2,29.7627,5.1951, GOOD
3A9-G-BOT-20180123-02233,0, ,595, ,115.9963,219.5358,119.3,21.9056,99.2,32.638,-11.1697, GOOD
3A9-G-BOT-20180123-02233,0, ,596, ,131.899,255.8958,139.1,28.4833,129,16.2602,-14.234, GOOD
3A9-G-BOT-20180123-02233,0, ,597, ,134.1264,239.5829,130.2,27.0554,122.5,23.3072,-18.638, GOOD
3A9-G-BOT-20180123-02233,0, ,598, ,141.1386,237.6175,129.1,28.5435,129.3,18.5186,8.6624, GOOD
3A9-G-BOT-20180123-02233,0, ,599, ,129.951,220.5185,119.8,24.3153,110.1,28.3155,12.1427, GOOD
3A9-G-BOT-20180123-02233,0, ,600, ,123.0372,215.2119,117,22.6329,102.5,20.0956,14.7453, GOOD
3A9-G-BOT-20180123-02233,0, ,601, ,166.4389,919.0236,81.3,135.341,99.8,44.9477,34.9826, GOOD
3A9-G-BOT-20180123-02233,0, ,602, ,159.859,200.0783,108.7,26.4878,120,53.5093,-17.5424, GOOD
3A9-G-BOT-20180123-02233,0, ,603, ,137.404,552.2789,85.4,66.3762,85.5,50.642,11.8523, GOOD
3A9-G-BOT-20180123-02233,0, ,604, ,153.8129,929.2437,82.2,126.2889,93.1,47.4394,14.5721, GOOD
3A9-G-BOT-20180123-02233,0, ,605, ,148.4055,191.8236,104.2,23.6395,107.1,56.4212,13.45, GOOD
3A9-G-BOT-20180123-02233,0, ,606, ,138.6802,3530.6543,104.4,442.6077,109,38.1799,5.1729, GOOD
3A9-G-BOT-20180123-02233,0, ,607, ,148.6989,1853.7704,100.7,244.8254,110.9,26.8412,23.1956, GOOD
3A9-G-BOT-20180123-02233,0, ,608, ,152.0444,1893.0785,102.9,257.7693,116.7,26.5842,-8.2381, GOOD
3A9-G-BOT-20180123-02233,0, ,609, ,150.002,1846.6949,100.4,247.8905,112.3,24.8077,23.5259, GOOD
3A9-G-BOT-20180123-02233,0, ,610, ,154.0115,1894.6508,103,262.4685,118.9,30.084,-6.8908, GOOD
3A9-G-BOT-20180123-02233,0, ,611, ,153.5648,559.1578,86.4,74.6257,96.1,28.3985,6.306, GOOD
3A9-G-BOT-20180123-02233,0, ,612, ,140.6074,551.6893,85.3,68.5896,88.3,45.2186,16.8718, GOOD
3A9-G-BOT-20180123-02233,0, ,613, ,152.3478,567.8056,87.7,75.7239,97.5,24.76,-3.606, GOOD
3A9-G-BOT-20180123-02233,0, ,614, ,146.9771,537.1453,83,71.3207,91.9,63.3546,-0.7822, GOOD
3A9-G-BOT-20180123-02233,0, ,615, ,147.6995,553.4581,85.5,72.8456,93.8,28.8825,-4.0354, GOOD
3A9-G-BOT-20180123-02233,0, ,616, ,142.4498,545.5966,84.3,68.9149,88.8,60.0402,-5.9552, GOOD
3A9-G-BOT-20180123-02233,0, ,617, ,151.8764,202.2402,109.9,25.7022,116.4,37.3598,-31.9985, GOOD
3A9-G-BOT-20180123-02233,0, ,618, ,140.922,197.7198,107.5,23.5873,106.8,39.8919,-23.9827, GOOD
3A9-G-BOT-20180123-02233,0, ,619, ,146.6854,184.355,100.2,23.033,104.3,54.1911,-19.0041, GOOD
3A9-G-BOT-20180123-02233,0, ,620, ,141.8026,196.344,106.7,23.6969,107.3,68.7498,-0.7363, GOOD
3A9-G-BOT-20180123-02233,0, ,621, ,147.2615,189.8582,103.2,23.8224,107.9,58.2281,-0.6824, GOOD
3A9-G-BOT-20180123-02233,0, ,622, ,147.0406,196.1475,106.6,24.5733,111.3,61.8088,-7.4065, GOOD
3A9-G-BOT-20180123-02233,0, ,623, ,147.4127,201.6506,109.6,25.2663,114.4,34.7942,8.5574, GOOD
3A9-G-BOT-20180123-02233,0, ,624, ,142.8007,211.4776,114.9,25.3625,114.9,47.3159,10.5503, GOOD
3A9-G-BOT-20180123-02233,0, ,625, ,165.4001,185.1412,100.6,25.7019,116.4,24.3699,-3.5177, GOOD
3A9-G-BOT-20180123-02233,0, ,626, ,140.9726,170.9903,92.9,20.7756,94.1,22.4733,1.5329, GOOD
3A9-G-BOT-20180123-02233,0, ,627, ,152.9937,181.6035,98.7,23.6973,107.3,20.7797,2.8178, GOOD
3A9-G-BOT-20180123-02233,0, ,628, ,154.279,579.205,89.5,78.1603,100.6,36.4548,0.2255, GOOD
3A9-G-BOT-20180123-02233,0, ,629, ,140.9784,539.5037,83.3,68.1037,87.7,45.9614,-10.1531, GOOD
3A9-G-BOT-20180123-02233,0, ,630, ,146.0506,204.0091,110.9,25.2513,114.4,51.6224,-12.553, GOOD
3A9-G-BOT-20180123-02233,0, ,631, ,145.1682,196.1475,106.6,24.159,109.4,41.1238,-22.3769, GOOD
3A9-G-BOT-20180123-02233,0, ,632, ,144.3576,196.1475,106.6,23.8373,108,45.5776,12.5008, GOOD
3A9-G-BOT-20180123-02233,0, ,633, ,148.7436,193.9855,105.4,24.4642,110.8,44.6728,4.8066, GOOD
3A9-G-BOT-20180123-02233,0, ,634, ,143.3388,192.4132,104.6,23.5796,106.8,15.2065,7.2803, GOOD
3A9-G-BOT-20180123-02233,0, ,635, ,151.9441,966.9794,96.8,132.275,110.3,59.76,24.0667, GOOD
3A9-G-BOT-20180123-02233,0, ,636, ,147.1285,1034.5894,103.6,136.9995,114.3,43.9126,6.1603, GOOD
3A9-G-BOT-20180123-02233,0, ,637, ,139.9186,1479.5571,98.7,184.6673,102.7,43.4561,20.7444, GOOD
3A9-G-BOT-20180123-02233,0, ,638, ,149.6974,1595.123,106.4,213.108,118.5,27.8623,2.5331, GOOD
3A9-G-BOT-20180123-02233,0, ,639, ,137.8707,555.8167,85.9,67.5576,87,44.1527,-8.6272, GOOD
3A9-G-BOT-20180123-02233,0, ,640, ,143.5715,948.8977,84,119.6637,88.2,20.4321,-4.3303, GOOD
3A9-G-BOT-20180123-02233,0, ,641, ,135.8677,938.6776,83.1,113.4638,83.7,44.5236,1.4466, GOOD
3A9-G-BOT-20180123-02233,0, ,642, ,147.3945,1348.0715,102.7,177.9466,113,50.9442,-13.2494, GOOD
3A9-G-BOT-20180123-02233,0, ,643, ,138.0462,1674.5254,103.7,209.8631,108.3,36.4003,1.3377, GOOD
3A9-G-BOT-20180123-02233,0, ,644, ,154.4933,906.4449,99.6,124.1696,113.7,52.3247,23.9138, GOOD
3A9-G-BOT-20180123-02233,0, ,645, ,157.4528,943.3946,103.7,131.6208,120.5,41.9603,26.7942, GOOD
3A9-G-BOT-20180123-02233,0, ,646, ,160.0064,1004.7152,110.4,140.7194,128.9,59.3065,2.8358, GOOD
3A9-G-BOT-20180123-02233,0, ,647, ,148.5392,553.4581,85.5,72.5797,93.5,33.7227,-4.6335, GOOD
3A9-G-BOT-20180123-02233,0, ,648, ,149.9649,564.4645,87.2,74.4389,95.9,68.0238,-2.3467, GOOD
3A9-G-BOT-20180123-02233,0, ,649, ,147.4046,1015.7216,89.9,130.7458,96.4,51.111,0.367, GOOD
3A9-G-BOT-20180123-02233,0, ,650, ,161.7598,976.4134,86.4,138.5775,102.2,53.4327,0.7863, GOOD
3A9-G-BOT-20180123-02233,0, ,651, ,141.5235,624.4093,96.5,76.2437,98.2,41.6797,4.0881, GOOD
3A9-G-BOT-20180123-02233,0, ,652, ,153.4535,1025.1554,90.7,136.9121,101,48.5559,-13.5502, GOOD
3A9-G-BOT-20180123-02233,0, ,653, ,136.3743,224.0562,121.8,25.9734,117.6,51.616,-6.7984, GOOD
3A9-G-BOT-20180123-02233,0, ,654, ,145.9399,208.9226,113.5,25.8846,117.2,3.7893,-2.3959, GOOD
3A9-G-BOT-20180123-02233,0, ,655, ,154.5331,976.4134,86.4,133.4492,98.4,49.624,20.1868, GOOD
3A9-G-BOT-20180123-02233,0, ,656, ,154.7578,976.4134,86.4,134.1476,98.9,32.4921,2.8335, GOOD
3A9-G-BOT-20180123-02233,0, ,657, ,140.5612,987.4197,87.4,122.9994,90.7,38.9139,13.9008, GOOD
3A9-G-BOT-20180123-02233,0, ,658, ,147.9653,982.7027,87,128.5695,94.8,44.8975,10.8031, GOOD
3A9-G-BOT-20180123-02233,0, ,659, ,145.1079,209.1191,113.6,25.7042,116.4,38.5585,-24.1608, GOOD
3A9-G-BOT-20180123-02233,0, ,660, ,135.7077,222.0908,120.7,25.4014,115,52.122,-5.5034, GOOD
3A9-G-BOT-20180123-02233,0, ,661, ,134.5793,217.7669,118.3,24.8107,112.4,36.9118,15.518, GOOD
3A9-G-BOT-20180123-02233,0, ,662, ,143.7591,220.3219,119.7,26.81,121.4,14.2,-8.5947, GOOD
3A9-G-BOT-20180123-02233,0, ,663, ,141.0064,572.5226,88.5,71.235,91.7,24.1588,-3.5694, GOOD
3A9-G-BOT-20180123-02233,0, ,664, ,153.9478,582.1531,90,78.9418,101.7,63.0223,-4.2524, GOOD
3A9-G-BOT-20180123-02233,0, ,665, ,146.8309,675.1168,83.3,86.1738,88.7,28.8227,44.9918, GOOD
3A9-G-BOT-20180123-02233,0, ,666, ,152.1661,1174.5262,63.4,157.2462,70.8,64.9955,7.908, GOOD
3A9-G-BOT-20180123-02233,0, ,667, ,154.0283,572.5226,88.5,76.4752,98.5,47.2823,34.1393, GOOD
3A9-G-BOT-20180123-02233,0, ,668, ,155.658,599.0556,92.5,81.105,104.4,45.9675,-2.0122, GOOD
3A9-G-BOT-20180123-02233,0, ,669, ,157.0415,1213.8344,65.6,168.1639,75.7,52.0239,0.5235, GOOD
3A9-G-BOT-20180123-02233,0, ,670, ,152.6868,1183.1741,86.3,160.6337,97.6,28.5895,-4.2233, GOOD
3A9-G-BOT-20180123-02233,0, ,671, ,164.9111,1162.7338,84.8,169.1595,102.8,52.1089,-0.1084, GOOD
3A9-G-BOT-20180123-02233,0, ,672, ,133.457,225.432,122.5,25.1914,114.1,39.341,-28.5351, GOOD
3A9-G-BOT-20180123-02233,0, ,673, ,137.5745,235.4556,128,27.0211,122.4,32.1302,-30.0168, GOOD
3A9-G-BOT-20180123-02233,0, ,674, ,135.2452,227.7905,123.8,26.1776,118.6,37.6758,9.3449, GOOD
3A9-G-BOT-20180123-02233,0, ,675, ,143.3565,229.1663,124.5,27.8167,126,36.4327,17.7156, GOOD
3A9-G-BOT-20180123-02233,0, ,676, ,139.5066,549.5273,84.9,67.1279,86.4,54.0642,-10.9767, GOOD
3A9-G-BOT-20180123-02233,0, ,677, ,132.1105,3549.5222,104.9,425.4234,104.8,27.8565,0.5261, GOOD
3A9-G-BOT-20180123-02233,0, ,678, ,141.95,1123.4258,81.9,143.0525,86.9,40.6569,-3.904, GOOD
3A9-G-BOT-20180123-02233,0, ,679, ,119.912,15503.9043,102.1,1741.2052,95.6,44.2523,-3.9552, GOOD
3A9-G-BOT-20180123-02233,0, ,680, ,143.6956,1134.432,82.7,145.9807,88.7,51.3013,-5.8004, GOOD
3A9-G-BOT-20180123-02233,0, ,681, ,152.8801,1073.8975,78.3,146.952,89.3,31.7579,8.9303, GOOD
3A9-G-BOT-20180123-02233,0, ,682, ,148.8206,186.1239,101.2,23.3177,105.6,65.8858,0.273, GOOD
3A9-G-BOT-20180123-02233,0, ,683, ,144.9266,190.2513,103.4,23.3663,105.8,50.5889,-8.6992, GOOD
3A9-G-BOT-20180123-02233,0, ,684, ,158.1859,185.5343,100.8,24.6429,111.6,19.7606,-10.5309, GOOD
3A9-G-BOT-20180123-02233,0, ,685, ,147.3299,183.9619,100,22.6497,102.6,19.4477,-16.0267, GOOD
3A9-G-BOT-20180123-02233,0, ,686, ,144.6206,1088.0485,79.3,144.2605,87.6,36.8385,-3.5019, GOOD
3A9-G-BOT-20180123-02233,0, ,687, ,161.6394,551.6893,85.3,78.1248,100.6,44.2699,29.8442, GOOD
3A9-G-BOT-20180123-02233,0, ,688, ,156.363,569.1814,87.9,77.358,99.6,46.6436,-7.3665, GOOD
3A9-G-BOT-20180123-02233,0, ,689, ,156.1306,549.9204,85,75.8732,97.7,22.2716,-0.4744, GOOD
3A9-G-BOT-20180123-02233,0, ,690, ,145.4194,536.3591,82.9,69.3347,89.3,71.7756,-3.243, GOOD
3A9-G-BOT-20180123-02233,0, ,691, ,147.9706,594.7317,91.9,76.092,98,45.7624,18.3729, GOOD
3A9-G-BOT-20180123-02233,0, ,692, ,161.182,563.2852,87,79.0545,101.8,41.1948,-10.2677, GOOD
3A9-G-BOT-20180123-02233,0, ,693, ,149.3664,194.9682,106,24.6925,111.8,51.1328,-3.8817, GOOD
3A9-G-BOT-20180123-02233,0, ,694, ,153.3401,196.9336,107,25.663,116.2,57.5371,-14.34, GOOD
3A9-G-BOT-20180123-02233,0, ,695, ,147.2538,211.4776,114.9,26.1462,118.4,52.5675,-9.6825, GOOD
3A9-G-BOT-20180123-02233,0, ,696, ,148.5072,214.6223,116.6,26.7811,121.3,42.9535,-32.0775, GOOD
3A9-G-BOT-20180123-02233,0, ,697, ,148.108,215.2119,117,27.3042,123.7,47.3442,-1.2941, GOOD
3A9-G-BOT-20180123-02233,0, ,698, ,152.9243,183.5689,99.8,23.861,108.1,20.8109,-1.6409, GOOD
3A9-G-BOT-20180123-02233,0, ,699, ,147.1594,188.4824,102.4,23.5906,106.8,21.1441,-3.6292, GOOD
3A9-G-BOT-20180123-02233,0, ,700, ,163.7612,186.7135,101.5,25.6391,116.1,16.7169,0.6438, GOOD
3A9-G-BOT-20180123-02233,0, ,701, ,147.4823,997.6398,99.9,131.687,109.9,57.7312,19.5079, GOOD
3A9-G-BOT-20180123-02233,0, ,702, ,147.8228,1022.797,102.4,135.6845,113.2,45.1702,8.477, GOOD
3A9-G-BOT-20180123-02233,0, ,703, ,142.0942,1442.6075,96.3,184.4655,102.6,51.4413,39.7851, GOOD
3A9-G-BOT-20180123-02233,0, ,704, ,150.6785,1613.2047,107.6,214.3803,119.2,69.4189,6.1194, GOOD
3A9-G-BOT-20180123-02233,0, ,705, ,139.2262,915.0928,81,115.3244,85,33.4985,-4.2927, GOOD
3A9-G-BOT-20180123-02233,0, ,706, ,147.0422,987.4197,87.4,130.3768,96.1,47.2927,-5.499, GOOD
3A9-G-BOT-20180123-02233,0, ,707, ,149.0778,574.488,88.7,75.1846,96.8,39.7645,-9.1531, GOOD
3A9-G-BOT-20180123-02233,0, ,708, ,135.1718,935.533,82.8,113.8174,83.9,31.5048,-1.1664, GOOD
3A9-G-BOT-20180123-02233,0, ,709, ,152.4339,954.4008,84.5,130.3294,96.1,60.5354,-1.6885, GOOD
3A9-G-BOT-20180123-02233,0, ,710, ,145.6014,228.5766,124.2,28.0126,126.9,27.8756,-24.9563, GOOD
3A9-G-BOT-20180123-02233,0, ,711, ,134.738,209.1191,113.6,23.9274,108.4,39.1338,5.1795, GOOD
3A9-G-BOT-20180123-02233,0, ,712, ,130.4344,196.344,106.7,21.9198,99.3,38.7409,-14.3451, GOOD
3A9-G-BOT-20180123-02233,0, ,713, ,136.9122,209.5122,113.9,24.6087,111.4,42.833,-16.5329, GOOD
3A9-G-BOT-20180123-02233,0, ,714, ,136.6052,210.2984,114.3,24.3105,110.1,36.4177,-17.6306, GOOD
3A9-G-BOT-20180123-02233,0, ,715, ,133.7563,204.5987,111.2,23.4032,106,51.7823,-2.6846, GOOD
3A9-G-BOT-20180123-02233,0, ,716, ,143.371,213.0499,115.8,25.8007,116.8,42.3121,7.1175, GOOD
3A9-G-BOT-20180123-02233,0, ,717, ,144.8663,218.5531,118.8,26.8086,121.4,43.8591,10.8615, GOOD
3A9-G-BOT-20180123-02233,0, ,718, ,141.9903,226.2182,122.9,27.462,124.4,38.6325,10.3445, GOOD
3A9-G-BOT-20180123-02233,0, ,719, ,125.6297,213.8361,116.2,22.7445,103,8.8668,-8.3272, GOOD
3A9-G-BOT-20180123-02233,0, ,720, ,134.55,204.9918,111.4,23.8072,107.8,10.4655,-6.209, GOOD
3A9-G-BOT-20180123-02233,0, ,721, ,137.9436,193.3959,105.1,22.9734,104,11.9423,-1.7356, GOOD
3A9-G-BOT-20180123-02233,0, ,722, ,140.7312,220.1254,119.6,26.2562,118.9,13.1002,-12.3012, GOOD
3A9-G-BOT-20180123-02233,0, ,723, ,121.8654,206.171,112,21.817,98.8,54.7854,0.065, GOOD
3A9-G-BOT-20180123-02233,0, ,724, ,126.8671,209.7088,114,22.8449,103.5,49.174,-1.5961, GOOD
3A9-G-BOT-20180123-02233,0, ,725, ,137.6322,203.8125,110.8,23.869,108.1,44.4869,-2.9236, GOOD
3A9-G-BOT-20180123-02233,0, ,726, ,141.9844,579.0084,89.5,72.377,93.2,24.8008,-2.2101, GOOD
3A9-G-BOT-20180123-02233,0, ,727, ,137.4944,589.4251,91.1,71.6913,92.3,52.7427,-4.9392, GOOD
3A9-G-BOT-20180123-02233,0, ,728, ,151.4571,585.2977,90.5,77.2923,99.5,32.7485,-7.3971, GOOD
3A9-G-BOT-20180123-02233,0, ,729, ,146.5376,584.7081,90.4,75.4694,97.2,65.5653,-2.6191, GOOD
3A9-G-BOT-20180123-02233,0, ,730, ,154.7301,1056.6019,77,145.7163,88.5,60.1082,38.644, GOOD
3A9-G-BOT-20180123-02233,0, ,731, ,152.5141,1072.3252,78.2,144.9233,88.1,57.9921,19.7945, GOOD
3A9-G-BOT-20180123-02233,0, ,732, ,142.3647,523.1909,76.9,64.6104,79.2,29.8074,38.8446, GOOD
3A9-G-BOT-20180123-02233,0, ,733, ,144.55,493.9064,72.6,63.0355,77.2,25.0033,-16.2656, GOOD
3A9-G-BOT-20180123-02233,0, ,734, ,146.394,1077.8282,78.6,141.1311,85.7,69.8987,12.7752, GOOD
3A9-G-BOT-20180123-02233,0, ,735, ,153.8858,1058.1742,77.2,146.6863,89.1,40.8654,21.184, GOOD
3A9-G-BOT-20180123-02233,0, ,736, ,149.6497,1071.5391,78.1,143.8639,87.4,66.3067,1.2553, GOOD
3A9-G-BOT-20180123-02233,0, ,737, ,151.9997,1058.1742,77.2,145.3404,88.3,31.8854,13.6325, GOOD
3A9-G-BOT-20180123-02233,0, ,738, ,138.0805,531.2491,78.1,63.7662,78.1,32.228,45.0598, GOOD
3A9-G-BOT-20180123-02233,0, ,739, ,146.0608,494.2994,72.7,63.2783,77.5,28.4665,-19.9715, GOOD
3A9-G-BOT-20180123-02233,0, ,740, ,152.7985,405.07,95.4,53.8393,105.6,28.6403,15.6631, GOOD
3A9-G-BOT-20180123-02233,0, ,741, ,158.8727,419.0244,98.7,57.5919,113,41.0617,9.2281, GOOD
3A9-G-BOT-20180123-02233,0, ,742, ,161.8118,412.1455,97,57.4741,112.8,39.7671,22.1229, GOOD
3A9-G-BOT-20180123-02233,0, ,743, ,163.1575,416.4694,98.1,58.5473,114.9,42.0118,17.709, GOOD
3A9-G-BOT-20180123-02233,0, ,744, ,155.6456,430.2273,101.3,58.0867,114,32.1382,9.141, GOOD
3A9-G-BOT-20180123-02233,0, ,745, ,155.6215,412.9317,97.2,56.2743,110.4,43.9256,-0.1206, GOOD
3A9-G-BOT-20180123-02233,0, ,746, ,148.3854,233.4902,89.5,30.4944,97.4,5.0183,15.9701, GOOD
3A9-G-BOT-20180123-02233,0, ,747, ,151.3168,233.8832,89.7,30.9911,99,17.873,0.3026, GOOD
3A9-G-BOT-20180123-02233,0, ,748, ,165.6028,240.7622,92.3,34.5778,110.5,20.9146,19.046, GOOD
3A9-G-BOT-20180123-02233,0, ,749, ,157.0215,249.9996,95.8,34.0184,108.7,18.4956,12.587, GOOD
3A9-G-BOT-20180123-02233,0, ,750, ,145.6569,1069.9667,78,140.9935,85.7,31.6993,21.3869, GOOD
3A9-G-BOT-20180123-02233,0, ,751, ,145.2719,1086.4761,79.2,142.8046,86.8,34.2474,2.0761, GOOD
3A9-G-BOT-20180123-02233,0, ,752, ,139.4744,426.886,100.5,52.2605,102.5,20.3859,4.2821, GOOD
3A9-G-BOT-20180123-02233,0, ,753, ,143.4751,405.6597,95.5,51.6474,101.3,30.4412,3.1803, GOOD
3A9-G-BOT-20180123-02233,0, ,754, ,148.038,554.4409,85.7,72.6939,93.6,20.9466,24.872, GOOD
3A9-G-BOT-20180123-02233,0, ,755, ,143.6829,560.7302,86.6,70.7976,91.1,14.8941,5.3492, GOOD
3A9-G-BOT-20180123-02233,0, ,756, ,125.5469,206.5641,112.3,22.3547,101.2,22.2575,-7.3927, GOOD
3A9-G-BOT-20180123-02233,0, ,757, ,136.8124,206.7607,112.4,24.0794,109.1,43.9422,-23.1602, GOOD
3A9-G-BOT-20180123-02233,0, ,758, ,140.4033,211.2811,114.8,24.9648,113.1,44.1103,-28.5881, GOOD
3A9-G-BOT-20180123-02233,0, ,759, ,123.2421,210.888,114.6,22.1566,100.3,54.9382,-3.0751, GOOD
3A9-G-BOT-20180123-02233,0, ,760, ,131.2775,204.0091,110.9,22.871,103.6,42.8833,3.5847, GOOD
3A9-G-BOT-20180123-02233,0, ,761, ,141.3351,204.0091,110.9,24.5475,111.2,48.8351,1.4045, GOOD
3A9-G-BOT-20180123-02233,0, ,762, ,137.8283,220.9116,120.1,25.5558,115.7,44.2714,-30.4461, GOOD
3A9-G-BOT-20180123-02233,0, ,763, ,139.8651,208.9226,113.5,25.1625,114,41.1201,-1.4139, GOOD
3A9-G-BOT-20180123-02233,0, ,764, ,141.8242,602.5933,93.1,74.9671,96.5,37.653,10.3028, GOOD
3A9-G-BOT-20180123-02233,0, ,765, ,146.9465,598.0729,92.4,76.3059,98.2,36.6138,6.3794, GOOD
3A9-G-BOT-20180123-02233,0, ,766, ,149.781,216.3911,117.6,27.3464,123.9,56.2922,-14.8709, GOOD
3A9-G-BOT-20180123-02233,0, ,767, ,137.2453,227.987,123.9,26.2363,118.8,21.2997,-12.9306, GOOD
3A9-G-BOT-20180123-02233,0, ,768, ,142.7427,539.1107,83.3,68.053,87.6,5.6794,-0.7166, GOOD
3A9-G-BOT-20180123-02233,0, ,769, ,146.9615,523.1909,80.9,68.3233,88,50.0085,4.5679, GOOD
3A9-G-BOT-20180123-02233,0, ,770, ,143.9234,547.3654,84.6,69.2262,89.2,13.058,-2.267, GOOD
3A9-G-BOT-20180123-02233,0, ,771, ,145.7842,521.6186,80.6,67.5468,87,49.7207,-2.1509, GOOD
3A9-G-BOT-20180123-02233,0, ,772, ,148.6637,1147.0106,83.6,152.1958,92.5,21.9934,3.8153, GOOD
3A9-G-BOT-20180123-02233,0, ,773, ,148.8124,1108.4886,80.8,145.6158,88.5,40.2816,8.5943, GOOD
3A9-G-BOT-20180123-02233,0, ,774, ,154.3714,192.6097,104.7,25.0528,113.5,9.2235,-25.3668, GOOD
3A9-G-BOT-20180123-02233,0, ,775, ,144.7877,181.4069,98.6,22.2114,100.6,33.7059,-16.9167, GOOD
3A9-G-BOT-20180123-02233,0, ,776, ,161.6949,200.8644,109.2,26.9017,121.8,43.1781,-8.1873, GOOD
3A9-G-BOT-20180123-02233,0, ,777, ,142.2066,176.8865,96.1,21.2384,96.2,27.1102,-17.3883, GOOD
3A9-G-BOT-20180123-02233,0, ,778, ,150.9046,194.5751,105.7,24.4515,110.7,13.785,-25.7097, GOOD
3A9-G-BOT-20180123-02233,0, ,779, ,141.6583,198.5059,107.9,23.6392,107.1,17.2465,-21.6202, GOOD
3A9-G-BOT-20180123-02233,0, ,780, ,137.6143,189.072,102.8,22.1153,100.2,27.3287,20.9539, GOOD
3A9-G-BOT-20180123-02233,0, ,781, ,136.1198,182.5862,99.2,20.9288,94.8,27.2369,25.905, GOOD
3A9-G-BOT-20180123-02233,0, ,782, ,145.6504,197.5232,107.3,24.1763,109.5,22.1684,22.3552, GOOD
3A9-G-BOT-20180123-02233,0, ,783, ,137.1295,194.3786,105.6,22.3361,101.2,22.4673,15.4841, GOOD
3A9-G-BOT-20180123-02233,0, ,784, ,130.8463,197.7198,107.5,21.9254,99.3,17.8927,16.1669, GOOD
3A9-G-BOT-20180123-02233,0, ,785, ,145.7433,202.8298,110.2,24.9048,112.8,-7.1066,-10.4119, GOOD
